event_id,start,end,n_15min_samples,duration_min_inclusive,peak_cpp,peak_time,cpp_at_start,cpp_at_end,evolution,episode_class
SILI-001,2025-07-01T18:30:00,2025-07-01T18:30:00,1,15,35.20741271972656,2025-07-01T18:30:00,35.20741271972656,35.20741271972656,mixed_or_quasi_steady,single_frame
SILI-002,2025-07-09T14:30:00,2025-07-09T15:45:00,6,90,68.74735260009766,2025-07-09T15:00:00,35.87556457519531,33.583011627197266,mixed_or_quasi_steady,multi_frame
SILI-003,2025-07-12T06:45:00,2025-07-12T07:15:00,3,45,35.743900299072266,2025-07-12T06:45:00,35.743900299072266,31.0280818939209,mixed_or_quasi_steady,multi_frame
SILI-004,2025-07-12T12:15:00,2025-07-12T13:00:00,4,60,33.8956184387207,2025-07-12T13:00:00,32.337791442871094,33.8956184387207,mixed_or_quasi_steady,multi_frame
SILI-005,2025-07-12T15:45:00,2025-07-12T16:45:00,5,75,44.9747314453125,2025-07-12T16:15:00,39.21397399902344,38.622169494628906,mixed_or_quasi_steady,multi_frame
SILI-006,2025-07-13T13:30:00,2025-07-13T14:45:00,6,90,53.69648361206055,2025-07-13T14:15:00,43.48545455932617,37.74339294433594,mixed_or_quasi_steady,multi_frame
SILI-007,2025-07-13T17:45:00,2025-07-13T18:15:00,3,45,40.9326171875,2025-07-13T18:15:00,31.03726577758789,40.9326171875,mixed_or_quasi_steady,multi_frame
SILI-008,2025-07-14T13:45:00,2025-07-14T14:30:00,4,60,55.642391204833984,2025-07-14T14:30:00,32.037052154541016,55.642391204833984,growth,multi_frame
SILI-009,2025-07-18T12:30:00,2025-07-18T12:45:00,2,30,32.15499496459961,2025-07-18T12:45:00,30.24077033996582,32.15499496459961,mixed_or_quasi_steady,multi_frame
SILI-010,2025-07-18T14:45:00,2025-07-18T14:45:00,1,15,31.020530700683594,2025-07-18T14:45:00,31.020530700683594,31.020530700683594,mixed_or_quasi_steady,single_frame
SILI-011,2025-07-18T16:45:00,2025-07-18T17:45:00,5,75,49.29316329956055,2025-07-18T17:15:00,31.60075569152832,36.71546173095703,mixed_or_quasi_steady,multi_frame
SILI-012,2025-07-20T18:15:00,2025-07-20T18:15:00,1,15,32.232913970947266,2025-07-20T18:15:00,32.232913970947266,32.232913970947266,mixed_or_quasi_steady,single_frame
SILI-013,2025-07-21T11:45:00,2025-07-21T11:45:00,1,15,30.412630081176758,2025-07-21T11:45:00,30.412630081176758,30.412630081176758,mixed_or_quasi_steady,single_frame
SILI-014,2025-07-21T17:45:00,2025-07-21T17:45:00,1,15,33.6522102355957,2025-07-21T17:45:00,33.6522102355957,33.6522102355957,mixed_or_quasi_steady,single_frame
SILI-015,2025-07-22T12:00:00,2025-07-22T12:00:00,1,15,30.60153579711914,2025-07-22T12:00:00,30.60153579711914,30.60153579711914,mixed_or_quasi_steady,single_frame
SILI-016,2025-07-26T16:00:00,2025-07-26T16:00:00,1,15,33.995670318603516,2025-07-26T16:00:00,33.995670318603516,33.995670318603516,mixed_or_quasi_steady,single_frame
SILI-017,2025-07-28T08:00:00,2025-07-28T10:45:00,12,180,47.2430419921875,2025-07-28T09:15:00,33.18254470825195,31.88287925720215,mixed_or_quasi_steady,multi_frame
SILI-018,2025-07-29T13:00:00,2025-07-29T14:00:00,5,75,55.75926208496094,2025-07-29T13:15:00,37.43871307373047,32.45503234863281,mixed_or_quasi_steady,multi_frame
SILI-019,2025-07-30T09:30:00,2025-07-30T09:45:00,2,30,44.33075714111328,2025-07-30T09:30:00,44.33075714111328,30.594297409057617,decay,multi_frame
SILI-020,2025-07-30T11:15:00,2025-07-30T12:30:00,6,90,52.948368072509766,2025-07-30T12:15:00,32.973358154296875,33.663578033447266,mixed_or_quasi_steady,multi_frame
SILI-021,2025-07-30T13:30:00,2025-07-30T14:45:00,6,90,55.84064483642578,2025-07-30T13:45:00,45.42130661010742,35.41578674316406,decay,multi_frame
SILI-022,2025-07-31T13:45:00,2025-07-31T14:45:00,5,75,44.232200622558594,2025-07-31T14:15:00,30.131214141845703,32.85008239746094,mixed_or_quasi_steady,multi_frame
SILI-023,2025-08-05T15:15:00,2025-08-05T18:15:00,13,195,80.17047882080078,2025-08-05T16:45:00,32.4730110168457,43.394630432128906,growth,multi_frame
SILI-024,2025-08-06T07:15:00,2025-08-06T07:15:00,1,15,34.83412170410156,2025-08-06T07:15:00,34.83412170410156,34.83412170410156,mixed_or_quasi_steady,single_frame
SILI-025,2025-08-06T08:15:00,2025-08-06T09:00:00,4,60,38.78632736206055,2025-08-06T08:30:00,35.91340255737305,33.668983459472656,mixed_or_quasi_steady,multi_frame
SILI-026,2025-08-07T14:30:00,2025-08-07T15:00:00,3,45,34.4720573425293,2025-08-07T14:30:00,34.4720573425293,31.413339614868164,mixed_or_quasi_steady,multi_frame
SILI-027,2025-08-07T15:45:00,2025-08-07T15:45:00,1,15,31.227115631103516,2025-08-07T15:45:00,31.227115631103516,31.227115631103516,mixed_or_quasi_steady,single_frame
SILI-028,2025-08-14T12:45:00,2025-08-14T15:45:00,13,195,67.83751678466797,2025-08-14T13:45:00,33.21690368652344,30.0648136138916,mixed_or_quasi_steady,multi_frame
SILI-029,2025-08-15T16:45:00,2025-08-15T17:00:00,2,30,33.04557418823242,2025-08-15T16:45:00,33.04557418823242,30.3975772857666,mixed_or_quasi_steady,multi_frame
SILI-030,2025-08-15T18:00:00,2025-08-15T18:00:00,1,15,32.52756118774414,2025-08-15T18:00:00,32.52756118774414,32.52756118774414,mixed_or_quasi_steady,single_frame
SILI-031,2025-08-16T16:45:00,2025-08-16T16:45:00,1,15,33.842185974121094,2025-08-16T16:45:00,33.842185974121094,33.842185974121094,mixed_or_quasi_steady,single_frame
SILI-032,2025-08-19T11:45:00,2025-08-19T12:45:00,5,75,35.13064956665039,2025-08-19T11:45:00,35.13064956665039,32.04783630371094,mixed_or_quasi_steady,multi_frame
SILI-033,2025-08-20T16:45:00,2025-08-20T18:00:00,6,90,39.65473556518555,2025-08-20T17:00:00,37.73698043823242,33.53456497192383,mixed_or_quasi_steady,multi_frame
SILI-034,2025-08-22T07:30:00,2025-08-22T07:30:00,1,15,30.262004852294922,2025-08-22T07:30:00,30.262004852294922,30.262004852294922,mixed_or_quasi_steady,single_frame
SILI-035,2025-08-27T18:00:00,2025-08-27T18:00:00,1,15,35.71217346191406,2025-08-27T18:00:00,35.71217346191406,35.71217346191406,mixed_or_quasi_steady,single_frame
SILI-036,2025-08-28T15:00:00,2025-08-28T15:45:00,4,60,56.46849060058594,2025-08-28T15:15:00,44.031219482421875,32.766788482666016,decay,multi_frame
SILI-037,2025-09-01T13:45:00,2025-09-01T14:15:00,3,45,40.76351547241211,2025-09-01T13:45:00,40.76351547241211,38.68215560913086,mixed_or_quasi_steady,multi_frame
