event_id,target_time,sequence,init,lead_min,cpp,simvp_cot,oracle_cot,global_med7_cot,local64_med7_cot,local32_med7_cot,local16_med7_cot,simvp_error,oracle_error,global_med7_error,local64_med7_error,local32_med7_error,local16_med7_error
SILI-001,2025-07-01T18:30:00,31,2025-07-01T14:30:00,240,35.20741271972656,14.681485176086426,37.183921813964844,4.139211177825928,2.7709133625030518,2.1708197593688965,2.613891363143921,-20.525927543640137,1.9765090942382812,-31.068201541900635,-32.43649935722351,-33.036592960357666,-32.59352135658264
SILI-001,2025-07-01T18:30:00,42,2025-07-01T17:15:00,75,35.20741271972656,12.806739807128906,37.183921813964844,15.710413932800293,21.081560134887695,14.488337516784668,17.02268409729004,-22.400672912597656,1.9765090942382812,-19.49699878692627,-14.125852584838867,-20.719075202941895,-18.184728622436523
SILI-002,2025-07-09T14:30:00,530,2025-07-09T11:15:00,195,35.87556457519531,7.25813627243042,38.83259201049805,16.835968017578125,17.145559310913086,18.605955123901367,18.68024253845215,-28.617428302764893,2.9570274353027344,-19.039596557617188,-18.730005264282227,-17.269609451293945,-17.195322036743164
SILI-002,2025-07-09T14:30:00,541,2025-07-09T14:00:00,30,35.87556457519531,7.073603630065918,38.83259201049805,18.519683837890625,20.296630859375,20.277803421020508,19.41869354248047,-28.801960945129395,2.9570274353027344,-17.355880737304688,-15.578933715820312,-15.597761154174805,-16.456871032714844
SILI-002,2025-07-09T14:45:00,530,2025-07-09T11:15:00,210,60.711158752441406,7.432034969329834,54.24660873413086,16.6972713470459,17.064252853393555,18.715944290161133,18.803813934326172,-53.27912378311157,-6.464550018310547,-44.01388740539551,-43.64690589904785,-41.99521446228027,-41.907344818115234
SILI-002,2025-07-09T14:45:00,541,2025-07-09T14:00:00,45,60.711158752441406,5.5979084968566895,54.24660873413086,18.596818923950195,23.080432891845703,22.793546676635742,20.931907653808594,-55.11325025558472,-6.464550018310547,-42.11433982849121,-37.6307258605957,-37.917612075805664,-39.77925109863281
SILI-002,2025-07-09T15:00:00,530,2025-07-09T11:15:00,225,68.74735260009766,5.655309677124023,64.62061309814453,16.539615631103516,16.969663619995117,18.819820404052734,18.928617477416992,-63.09204292297363,-4.126739501953125,-52.20773696899414,-51.77768898010254,-49.92753219604492,-49.818735122680664
SILI-002,2025-07-09T15:00:00,541,2025-07-09T14:00:00,60,68.74735260009766,6.434871196746826,64.62061309814453,18.79157066345215,24.87570571899414,23.52440071105957,22.845060348510742,-62.31248140335083,-4.126739501953125,-49.95578193664551,-43.871646881103516,-45.222951889038086,-45.902292251586914
SILI-002,2025-07-09T15:15:00,530,2025-07-09T11:15:00,240,64.35984802246094,6.1919941902160645,59.13616943359375,16.36911964416504,16.86178970336914,18.91757583618164,19.05463409423828,-58.16785383224487,-5.2236785888671875,-47.9907283782959,-47.4980583190918,-45.4422721862793,-45.305213928222656
SILI-002,2025-07-09T15:15:00,541,2025-07-09T14:00:00,75,64.35984802246094,7.781707286834717,59.13616943359375,19.054981231689453,22.276220321655273,19.73094940185547,24.06109619140625,-56.57814073562622,-5.2236785888671875,-45.304866790771484,-42.083627700805664,-44.62889862060547,-40.29875183105469
SILI-002,2025-07-09T15:30:00,541,2025-07-09T14:00:00,90,49.419151306152344,7.212301731109619,47.35675048828125,19.37825584411621,17.288408279418945,14.491837501525879,22.252338409423828,-42.206849575042725,-2.0624008178710938,-30.040895462036133,-32.1307430267334,-34.927313804626465,-27.166812896728516
SILI-002,2025-07-09T15:45:00,541,2025-07-09T14:00:00,105,33.583011627197266,5.568918228149414,33.839420318603516,19.80280876159668,11.885786056518555,8.8571195602417,18.744422912597656,-28.01409339904785,0.25640869140625,-13.780202865600586,-21.69722557067871,-24.725892066955566,-14.83858871459961
SILI-003,2025-07-12T06:45:00,720,2025-07-12T04:45:00,120,35.743900299072266,19.04224967956543,29.903791427612305,25.121957778930664,25.560657501220703,23.839679718017578,22.11963653564453,-16.701650619506836,-5.840108871459961,-10.621942520141602,-10.183242797851562,-11.904220581054688,-13.624263763427734
SILI-003,2025-07-12T07:00:00,720,2025-07-12T04:45:00,135,35.1140022277832,23.574739456176758,29.16581153869629,24.92229461669922,24.885000228881836,23.11308479309082,22.579988479614258,-11.539262771606445,-5.948190689086914,-10.191707611083984,-10.229001998901367,-12.000917434692383,-12.534013748168945
SILI-003,2025-07-12T07:15:00,720,2025-07-12T04:45:00,150,31.0280818939209,24.528907775878906,26.549318313598633,24.735145568847656,24.220386505126953,22.57245635986328,23.28138542175293,-6.499174118041992,-4.478763580322266,-6.292936325073242,-6.807695388793945,-8.455625534057617,-7.746696472167969
SILI-004,2025-07-12T12:15:00,741,2025-07-12T10:00:00,135,32.337791442871094,24.631591796875,35.81746292114258,15.109138488769531,15.118577003479004,14.888204574584961,14.279280662536621,-7.706199645996094,3.4796714782714844,-17.228652954101562,-17.21921443939209,-17.449586868286133,-18.058510780334473
SILI-004,2025-07-12T12:30:00,741,2025-07-12T10:00:00,150,30.230850219726562,20.81779670715332,33.76932907104492,15.62425708770752,15.26232624053955,15.003353118896484,14.331273078918457,-9.413053512573242,3.5384788513183594,-14.606593132019043,-14.968523979187012,-15.227497100830078,-15.899577140808105
SILI-004,2025-07-12T12:45:00,741,2025-07-12T10:00:00,165,31.968374252319336,21.076894760131836,31.853586196899414,16.154359817504883,15.473469734191895,15.123261451721191,14.388930320739746,-10.8914794921875,-0.11478805541992188,-15.814014434814453,-16.49490451812744,-16.845112800598145,-17.57944393157959
SILI-004,2025-07-12T12:45:00,751,2025-07-12T12:30:00,15,31.968374252319336,19.699932098388672,31.853586196899414,34.69306945800781,34.89568328857422,34.692054748535156,35.86687469482422,-12.268442153930664,-0.11478805541992188,2.7246952056884766,2.927309036254883,2.7236804962158203,3.898500442504883
SILI-004,2025-07-12T13:00:00,741,2025-07-12T10:00:00,180,33.8956184387207,19.53432846069336,34.668487548828125,16.69945526123047,15.694731712341309,15.264259338378906,14.452241897583008,-14.361289978027344,0.7728691101074219,-17.196163177490234,-18.200886726379395,-18.631359100341797,-19.443376541137695
SILI-004,2025-07-12T13:00:00,751,2025-07-12T12:30:00,30,33.8956184387207,12.446971893310547,34.668487548828125,35.59161376953125,35.988956451416016,35.58967971801758,37.87306594848633,-21.448646545410156,0.7728691101074219,1.6959953308105469,2.0933380126953125,1.694061279296875,3.977447509765625
SILI-005,2025-07-12T15:45:00,751,2025-07-12T12:30:00,195,39.21397399902344,14.907806396484375,33.577423095703125,41.57390213012695,40.29033279418945,41.612510681152344,39.429832458496094,-24.306167602539062,-5.6365509033203125,2.3599281311035156,1.0763587951660156,2.3985366821289062,0.21585845947265625
SILI-005,2025-07-12T15:45:00,762,2025-07-12T15:15:00,30,39.21397399902344,29.143444061279297,33.577423095703125,25.12326431274414,25.813732147216797,34.50135040283203,28.334056854248047,-10.07052993774414,-5.6365509033203125,-14.090709686279297,-13.40024185180664,-4.712623596191406,-10.87991714477539
SILI-005,2025-07-12T16:00:00,751,2025-07-12T12:30:00,210,42.12313461303711,15.456534385681152,33.471954345703125,41.60277557373047,39.94438934326172,41.645660400390625,38.2091178894043,-26.666600227355957,-8.651180267333984,-0.5203590393066406,-2.1787452697753906,-0.4774742126464844,-3.9140167236328125
SILI-005,2025-07-12T16:00:00,762,2025-07-12T15:15:00,45,42.12313461303711,17.98120880126953,33.471954345703125,24.970176696777344,26.038665771484375,39.134498596191406,28.925809860229492,-24.141925811767578,-8.651180267333984,-17.152957916259766,-16.084468841552734,-2.988636016845703,-13.197324752807617
SILI-005,2025-07-12T16:15:00,751,2025-07-12T12:30:00,225,44.9747314453125,14.1287202835083,31.745325088500977,41.58512496948242,39.51573944091797,41.632469177246094,37.03911209106445,-30.8460111618042,-13.229406356811523,-3.389606475830078,-5.458992004394531,-3.3422622680664062,-7.935619354248047
SILI-005,2025-07-12T16:15:00,762,2025-07-12T15:15:00,60,44.9747314453125,18.495113372802734,31.745325088500977,24.815399169921875,26.28377342224121,42.69069290161133,29.230575561523438,-26.479618072509766,-13.229406356811523,-20.159332275390625,-18.69095802307129,-2.284038543701172,-15.744155883789062
SILI-005,2025-07-12T16:30:00,751,2025-07-12T12:30:00,240,34.48553466796875,12.10441780090332,31.550729751586914,41.52094268798828,38.886043548583984,41.57293701171875,35.936073303222656,-22.38111686706543,-2.934804916381836,7.035408020019531,4.400508880615234,7.08740234375,1.4505386352539062
SILI-005,2025-07-12T16:30:00,762,2025-07-12T15:15:00,75,34.48553466796875,13.672340393066406,31.550729751586914,24.658893585205078,26.549001693725586,46.17679214477539,28.76251220703125,-20.813194274902344,-2.934804916381836,-9.826641082763672,-7.936532974243164,11.69125747680664,-5.7230224609375
SILI-005,2025-07-12T16:45:00,762,2025-07-12T15:15:00,90,38.622169494628906,15.305994033813477,33.27109146118164,24.500696182250977,26.820436477661133,49.157814025878906,28.22705841064453,-23.31617546081543,-5.351078033447266,-14.12147331237793,-11.801733016967773,10.53564453125,-10.395111083984375
SILI-006,2025-07-13T13:30:00,790,2025-07-13T11:00:00,150,43.48545455932617,4.224621295928955,32.62845230102539,7.727576732635498,6.584379196166992,7.650180339813232,7.504305839538574,-39.26083326339722,-10.857002258300781,-35.757877826690674,-36.90107536315918,-35.83527421951294,-35.9811487197876
SILI-006,2025-07-13T13:45:00,790,2025-07-13T11:00:00,165,49.38928985595703,3.2796781063079834,44.42265319824219,7.407366752624512,7.201653957366943,7.309554100036621,7.20185661315918,-46.10961174964905,-4.966636657714844,-41.98192310333252,-42.18763589859009,-42.07973575592041,-42.18743324279785
SILI-006,2025-07-13T14:00:00,790,2025-07-13T11:00:00,180,52.33230209350586,3.781662702560425,50.914310455322266,7.0846357345581055,7.966261386871338,7.006377696990967,6.906961441040039,-48.550639390945435,-1.4179916381835938,-45.247666358947754,-44.36604070663452,-45.32592439651489,-45.42534065246582
SILI-006,2025-07-13T14:00:00,801,2025-07-13T13:45:00,15,52.33230209350586,47.979637145996094,50.914310455322266,46.93129348754883,50.30670166015625,46.79583740234375,46.96759033203125,-4.352664947509766,-1.4179916381835938,-5.401008605957031,-2.0256004333496094,-5.536464691162109,-5.364711761474609
SILI-006,2025-07-13T14:15:00,790,2025-07-13T11:00:00,195,53.69648361206055,4.711792469024658,54.06855010986328,6.832607746124268,8.802595138549805,6.695494651794434,6.615913391113281,-48.98469114303589,0.3720664978027344,-46.86387586593628,-44.89388847351074,-47.00098896026611,-47.080570220947266
SILI-006,2025-07-13T14:15:00,801,2025-07-13T13:45:00,30,53.69648361206055,33.6754264831543,54.06855010986328,49.462249755859375,53.684814453125,49.19127655029297,49.55056381225586,-20.02105712890625,0.3720664978027344,-4.234233856201172,-0.011669158935546875,-4.505207061767578,-4.1459197998046875
SILI-006,2025-07-13T14:30:00,790,2025-07-13T11:00:00,210,50.84966278076172,6.531521797180176,44.597660064697266,6.56597900390625,9.511102676391602,6.356553077697754,6.417263507843018,-44.31814098358154,-6.252002716064453,-44.28368377685547,-41.33856010437012,-44.493109703063965,-44.4323992729187
SILI-006,2025-07-13T14:30:00,801,2025-07-13T13:45:00,45,50.84966278076172,10.291926383972168,44.597660064697266,51.64578628540039,53.56819152832031,51.053688049316406,51.86903762817383,-40.55773639678955,-6.252002716064453,0.7961235046386719,2.7185287475585938,0.2040252685546875,1.0193748474121094
SILI-006,2025-07-13T14:45:00,790,2025-07-13T11:00:00,225,37.74339294433594,8.075643539428711,30.93831443786621,6.288169860839844,10.082777976989746,6.09433650970459,6.281130313873291,-29.667749404907227,-6.805078506469727,-31.455223083496094,-27.66061496734619,-31.649056434631348,-31.462262630462646
SILI-006,2025-07-13T14:45:00,801,2025-07-13T13:45:00,60,37.74339294433594,6.468206882476807,30.93831443786621,53.70228958129883,51.965816497802734,52.881446838378906,54.01496124267578,-31.27518606185913,-6.805078506469727,15.95889663696289,14.222423553466797,15.138053894042969,16.271568298339844
SILI-007,2025-07-13T17:45:00,801,2025-07-13T13:45:00,240,31.03726577758789,8.266229629516602,19.12274169921875,48.22938537597656,9.589198112487793,41.954532623291016,48.3529052734375,-22.77103614807129,-11.91452407836914,17.192119598388672,-21.448067665100098,10.917266845703125,17.31563949584961
SILI-007,2025-07-13T17:45:00,811,2025-07-13T16:15:00,90,31.03726577758789,8.346548080444336,19.12274169921875,18.005422592163086,18.7625675201416,17.874696731567383,16.249271392822266,-22.690717697143555,-11.91452407836914,-13.031843185424805,-12.274698257446289,-13.162569046020508,-14.787994384765625
SILI-007,2025-07-13T18:00:00,811,2025-07-13T16:15:00,105,33.457454681396484,7.525981426239014,27.76435089111328,19.728042602539062,19.61442756652832,17.81710433959961,19.17754364013672,-25.93147325515747,-5.693103790283203,-13.729412078857422,-13.843027114868164,-15.640350341796875,-14.279911041259766
SILI-007,2025-07-13T18:15:00,811,2025-07-13T16:15:00,120,40.9326171875,5.942588806152344,41.63396453857422,18.93299102783203,18.102371215820312,15.65981674194336,19.144441604614258,-34.990028381347656,0.7013473510742188,-21.99962615966797,-22.830245971679688,-25.27280044555664,-21.788175582885742
SILI-008,2025-07-14T13:45:00,860,2025-07-14T10:30:00,195,32.037052154541016,7.717452526092529,41.8790168762207,1.4225636720657349,5.224869251251221,0.9093555808067322,0.8160838484764099,-24.319599628448486,9.841964721679688,-30.61448848247528,-26.812182903289795,-31.127696573734283,-31.220968306064606
SILI-008,2025-07-14T14:00:00,860,2025-07-14T10:30:00,210,45.960411071777344,8.975183486938477,51.08655548095703,1.4290567636489868,3.6370136737823486,0.9164653420448303,0.8325402140617371,-36.98522758483887,5.1261444091796875,-44.53135430812836,-42.323397397994995,-45.04394572973251,-45.12787085771561
SILI-008,2025-07-14T14:15:00,860,2025-07-14T10:30:00,225,51.6834716796875,5.975625038146973,51.849361419677734,1.432815670967102,3.0245938301086426,0.9220602512359619,0.8508591651916504,-45.70784664154053,0.16588973999023438,-50.2506560087204,-48.65887784957886,-50.76141142845154,-50.83261251449585
SILI-008,2025-07-14T14:30:00,860,2025-07-14T10:30:00,240,55.642391204833984,8.078630447387695,48.671531677246094,1.433845043182373,3.097154378890991,0.9261404871940613,0.8667823076248169,-47.56376075744629,-6.970859527587891,-54.20854616165161,-52.54523682594299,-54.71625071763992,-54.77560889720917
SILI-009,2025-07-18T12:30:00,1044,2025-07-18T09:30:00,180,30.24077033996582,6.654542922973633,25.267370223999023,6.3135480880737305,0.0,17.814868927001953,5.5154876708984375,-23.586227416992188,-4.973400115966797,-23.92722225189209,-30.24077033996582,-12.425901412963867,-24.725282669067383
SILI-009,2025-07-18T12:30:00,1055,2025-07-18T12:15:00,15,30.24077033996582,25.457788467407227,25.267370223999023,28.328351974487305,28.03142547607422,27.74016571044922,25.996564865112305,-4.782981872558594,-4.973400115966797,-1.9124183654785156,-2.2093448638916016,-2.5006046295166016,-4.244205474853516
SILI-009,2025-07-18T12:45:00,1044,2025-07-18T09:30:00,195,32.15499496459961,6.210070610046387,23.856647491455078,6.2635698318481445,0.0,20.846403121948242,5.494640350341797,-25.944924354553223,-8.298347473144531,-25.891425132751465,-32.15499496459961,-11.308591842651367,-26.660354614257812
SILI-009,2025-07-18T12:45:00,1055,2025-07-18T12:15:00,30,32.15499496459961,27.38872528076172,23.856647491455078,27.485624313354492,26.9068660736084,26.301273345947266,22.756105422973633,-4.766269683837891,-8.298347473144531,-4.669370651245117,-5.248128890991211,-5.853721618652344,-9.398889541625977
SILI-010,2025-07-18T14:45:00,1055,2025-07-18T12:15:00,150,31.020530700683594,7.6838579177856445,31.433189392089844,21.616052627563477,18.866514205932617,17.26786231994629,7.800279140472412,-23.33667278289795,0.41265869140625,-9.404478073120117,-12.154016494750977,-13.752668380737305,-23.22025156021118
SILI-011,2025-07-18T16:45:00,1065,2025-07-18T14:45:00,120,31.60075569152832,4.833309650421143,20.377910614013672,26.77080535888672,3.3513946533203125,0.3021498918533325,13.830172538757324,-26.767446041107178,-11.222845077514648,-4.829950332641602,-28.249361038208008,-31.298605799674988,-17.770583152770996
SILI-011,2025-07-18T17:00:00,1065,2025-07-18T14:45:00,135,43.67910385131836,6.397705554962158,35.395816802978516,26.04936981201172,3.477259635925293,1.2505615949630737,12.256438255310059,-37.2813982963562,-8.283287048339844,-17.62973403930664,-40.201844215393066,-42.428542256355286,-31.4226655960083
SILI-011,2025-07-18T17:15:00,1065,2025-07-18T14:45:00,150,49.29316329956055,6.3171586990356445,44.5945930480957,25.334705352783203,3.9611976146698,2.2958452701568604,10.769582748413086,-42.9760046005249,-4.698570251464844,-23.958457946777344,-45.33196568489075,-46.99731802940369,-38.52358055114746
SILI-011,2025-07-18T17:30:00,1065,2025-07-18T14:45:00,165,45.02169418334961,6.479532718658447,29.57302474975586,24.62682342529297,4.474323272705078,3.0881128311157227,9.79385757446289,-38.54216146469116,-15.44866943359375,-20.39487075805664,-40.54737091064453,-41.93358135223389,-35.22783660888672
SILI-011,2025-07-18T17:45:00,1065,2025-07-18T14:45:00,180,36.71546173095703,5.777210235595703,20.52545738220215,23.925710678100586,6.556743621826172,3.136154890060425,8.780777931213379,-30.938251495361328,-16.190004348754883,-12.789751052856445,-30.15871810913086,-33.579306840896606,-27.934683799743652
SILI-011,2025-07-18T17:45:00,1076,2025-07-18T17:30:00,15,36.71546173095703,28.931621551513672,20.52545738220215,29.960979461669922,31.912302017211914,43.8232536315918,36.202880859375,-7.783840179443359,-16.190004348754883,-6.754482269287109,-4.803159713745117,7.107791900634766,-0.5125808715820312
SILI-012,2025-07-20T18:15:00,1217,2025-07-20T16:45:00,90,32.232913970947266,19.608844757080078,35.510860443115234,16.555747985839844,13.50416374206543,12.273824691772461,14.869606018066406,-12.624069213867188,3.2779464721679688,-15.677165985107422,-18.728750228881836,-19.959089279174805,-17.36330795288086
SILI-013,2025-07-21T11:45:00,1255,2025-07-21T08:15:00,210,30.412630081176758,30.333681106567383,25.130998611450195,11.633589744567871,13.294373512268066,13.622081756591797,13.643027305603027,-0.078948974609375,-5.2816314697265625,-18.779040336608887,-17.11825656890869,-16.79054832458496,-16.76960277557373
SILI-013,2025-07-21T11:45:00,1266,2025-07-21T11:00:00,45,30.412630081176758,37.93810272216797,25.130998611450195,28.488033294677734,28.584644317626953,28.59307098388672,28.41495704650879,7.525472640991211,-5.2816314697265625,-1.9245967864990234,-1.8279857635498047,-1.819559097290039,-1.9976730346679688
SILI-014,2025-07-21T17:45:00,1287,2025-07-21T16:15:00,90,33.6522102355957,10.37526798248291,37.867759704589844,31.381248474121094,32.779319763183594,9.046669006347656,7.692741870880127,-23.276942253112793,4.215549468994141,-2.2709617614746094,-0.8728904724121094,-24.605541229248047,-25.959468364715576
SILI-015,2025-07-22T12:00:00,1336,2025-07-22T10:30:00,90,30.60153579711914,34.298824310302734,32.113990783691406,20.513765335083008,21.87331771850586,21.54507827758789,21.75835418701172,3.6972885131835938,1.5124549865722656,-10.087770462036133,-8.728218078613281,-9.05645751953125,-8.843181610107422
SILI-016,2025-07-26T16:00:00,1638,2025-07-26T14:00:00,120,33.995670318603516,12.163102149963379,36.20029067993164,3.244258550694212e-05,0.0007414172869175673,0.0003124103823211044,0.00016564234101679176,-21.832568168640137,2.204620361328125,-33.99563787601801,-33.9949289013166,-33.995357908221195,-33.9955046762625
SILI-017,2025-07-28T08:00:00,1747,2025-07-28T05:15:00,165,33.18254470825195,1.6245352029800415,35.48027420043945,7.151994705200195,6.645172595977783,5.467159271240234,5.451049327850342,-31.55800950527191,2.2977294921875,-26.030550003051758,-26.53737211227417,-27.71538543701172,-27.73149538040161
SILI-017,2025-07-28T08:15:00,1747,2025-07-28T05:15:00,180,29.426616668701172,1.9497480392456055,36.89041519165039,7.377091407775879,7.031005859375,5.438167095184326,5.549072742462158,-27.476868629455566,7.463798522949219,-22.049525260925293,-22.395610809326172,-23.988449573516846,-23.877543926239014
SILI-017,2025-07-28T08:15:00,1758,2025-07-28T08:00:00,15,29.426616668701172,29.176918029785156,36.89041519165039,35.111244201660156,35.03355407714844,34.76155090332031,35.45338439941406,-0.24969863891601562,7.463798522949219,5.684627532958984,5.606937408447266,5.334934234619141,6.026767730712891
SILI-017,2025-07-28T08:30:00,1747,2025-07-28T05:15:00,195,38.292137145996094,1.6324342489242554,38.571414947509766,7.628288745880127,7.269340515136719,5.412763595581055,5.6483073234558105,-36.65970289707184,0.2792778015136719,-30.663848400115967,-31.022796630859375,-32.87937355041504,-32.64382982254028
SILI-017,2025-07-28T08:30:00,1758,2025-07-28T08:00:00,30,38.292137145996094,30.303253173828125,38.571414947509766,34.763553619384766,34.62163543701172,34.430442810058594,35.42622756958008,-7.988883972167969,0.2792778015136719,-3.528583526611328,-3.670501708984375,-3.8616943359375,-2.8659095764160156
SILI-017,2025-07-28T08:45:00,1747,2025-07-28T05:15:00,210,31.273183822631836,0.7160457372665405,41.93132019042969,7.937043190002441,7.516334533691406,5.328868389129639,5.7477569580078125,-30.557138085365295,10.658136367797852,-23.336140632629395,-23.75684928894043,-25.944315433502197,-25.525426864624023
SILI-017,2025-07-28T08:45:00,1758,2025-07-28T08:00:00,45,31.273183822631836,32.551185607910156,41.93132019042969,34.43718719482422,34.40115737915039,34.657325744628906,35.398807525634766,1.2780017852783203,10.658136367797852,3.164003372192383,3.1279735565185547,3.3841419219970703,4.12562370300293
SILI-017,2025-07-28T09:00:00,1747,2025-07-28T05:15:00,225,43.24330139160156,0.5451879501342773,42.60252380371094,8.218387603759766,7.823878765106201,5.232406139373779,5.847423076629639,-42.698113441467285,-0.640777587890625,-35.0249137878418,-35.41942262649536,-38.01089525222778,-37.395878314971924
SILI-017,2025-07-28T09:00:00,1758,2025-07-28T08:00:00,60,43.24330139160156,31.79322624206543,42.60252380371094,34.428184509277344,34.50787353515625,34.495975494384766,35.371124267578125,-11.450075149536133,-0.640777587890625,-8.815116882324219,-8.735427856445312,-8.747325897216797,-7.8721771240234375
SILI-017,2025-07-28T09:15:00,1747,2025-07-28T05:15:00,240,47.2430419921875,0.7884343266487122,43.46344757080078,8.472322463989258,8.175171852111816,5.153031826019287,5.94730281829834,-46.45460766553879,-3.7795944213867188,-38.77071952819824,-39.067870140075684,-42.09001016616821,-41.29573917388916
SILI-017,2025-07-28T09:15:00,1758,2025-07-28T08:00:00,75,47.2430419921875,32.194278717041016,43.46344757080078,34.52226638793945,34.67673110961914,35.06533432006836,35.343170166015625,-15.048763275146484,-3.7795944213867188,-12.720775604248047,-12.56631088256836,-12.17770767211914,-11.899871826171875
SILI-017,2025-07-28T09:30:00,1758,2025-07-28T08:00:00,90,41.707496643066406,31.316102981567383,39.38711929321289,34.6478271484375,34.61354446411133,35.41686248779297,35.31495666503906,-10.391393661499023,-2.3203773498535156,-7.059669494628906,-7.093952178955078,-6.2906341552734375,-6.392539978027344
SILI-017,2025-07-28T09:45:00,1758,2025-07-28T08:00:00,105,35.49267578125,30.62389373779297,36.52756881713867,34.584938049316406,34.71242141723633,35.26514434814453,35.275367736816406,-4.868782043457031,1.0348930358886719,-0.9077377319335938,-0.7802543640136719,-0.22753143310546875,-0.21730804443359375
SILI-017,2025-07-28T10:00:00,1758,2025-07-28T08:00:00,120,36.179046630859375,32.227108001708984,36.53990936279297,34.451416015625,35.41728591918945,34.54267120361328,35.21670150756836,-3.9519386291503906,0.36086273193359375,-1.727630615234375,-0.7617607116699219,-1.6363754272460938,-0.9623451232910156
SILI-017,2025-07-28T10:15:00,1758,2025-07-28T08:00:00,135,34.75551223754883,36.86845779418945,34.96113967895508,34.41054916381836,35.73516845703125,32.98124694824219,35.15754699707031,2.112945556640625,0.20562744140625,-0.34496307373046875,0.9796562194824219,-1.7742652893066406,0.4020347595214844
SILI-017,2025-07-28T10:30:00,1758,2025-07-28T08:00:00,150,36.64838790893555,37.78835678100586,29.387853622436523,34.751678466796875,35.88453674316406,30.93503189086914,35.09789276123047,1.1399688720703125,-7.260534286499023,-1.8967094421386719,-0.7638511657714844,-5.713356018066406,-1.5504951477050781
SILI-017,2025-07-28T10:45:00,1758,2025-07-28T08:00:00,165,31.88287925720215,35.979103088378906,24.645334243774414,34.9781379699707,35.763057708740234,28.940776824951172,35.037750244140625,4.096223831176758,-7.237545013427734,3.0952587127685547,3.880178451538086,-2.9421024322509766,3.1548709869384766
SILI-017,2025-07-28T10:45:00,1768,2025-07-28T10:30:00,15,31.88287925720215,36.095115661621094,24.645334243774414,29.624412536621094,30.638919830322266,31.460445404052734,30.82513427734375,4.212236404418945,-7.237545013427734,-2.2584667205810547,-1.2439594268798828,-0.42243385314941406,-1.0577449798583984
SILI-018,2025-07-29T13:00:00,1838,2025-07-29T10:00:00,180,37.43871307373047,6.089699745178223,38.74034118652344,3.7594246864318848,15.298637390136719,16.576400756835938,17.038232803344727,-31.349013328552246,1.3016281127929688,-33.679288387298584,-22.14007568359375,-20.86231231689453,-20.400480270385742
SILI-018,2025-07-29T13:00:00,1849,2025-07-29T12:45:00,15,37.43871307373047,10.13228702545166,38.74034118652344,19.525386810302734,19.882434844970703,20.01534080505371,20.186857223510742,-27.30642604827881,1.3016281127929688,-17.913326263427734,-17.556278228759766,-17.423372268676758,-17.251855850219727
SILI-018,2025-07-29T13:15:00,1838,2025-07-29T10:00:00,195,55.75926208496094,5.921105861663818,57.03451919555664,0.47477683424949646,14.72597599029541,16.132034301757812,16.84263801574707,-49.83815622329712,1.2752571105957031,-55.28448525071144,-41.03328609466553,-39.627227783203125,-38.91662406921387
SILI-018,2025-07-29T13:15:00,1849,2025-07-29T12:45:00,30,55.75926208496094,10.322513580322266,57.03451919555664,19.59747886657715,20.289152145385742,20.538164138793945,20.860050201416016,-45.43674850463867,1.2752571105957031,-36.16178321838379,-35.470109939575195,-35.22109794616699,-34.89921188354492
SILI-018,2025-07-29T13:30:00,1838,2025-07-29T10:00:00,210,48.2877311706543,5.726633071899414,44.20808410644531,0.5844526886940002,14.157625198364258,15.683685302734375,16.632064819335938,-42.56109809875488,-4.079647064208984,-47.7032784819603,-34.13010597229004,-32.60404586791992,-31.65566635131836
SILI-018,2025-07-29T13:30:00,1849,2025-07-29T12:45:00,45,48.2877311706543,11.374107360839844,44.20808410644531,19.668928146362305,20.672815322875977,21.021093368530273,21.47221565246582,-36.91362380981445,-4.079647064208984,-28.618803024291992,-27.61491584777832,-27.266637802124023,-26.815515518188477
SILI-018,2025-07-29T13:45:00,1838,2025-07-29T10:00:00,225,32.21072006225586,6.125441551208496,31.463407516479492,1.3104079961776733,13.593585014343262,15.219867706298828,16.406513214111328,-26.085278511047363,-0.7473125457763672,-30.900312066078186,-18.617135047912598,-16.99085235595703,-15.804206848144531
SILI-018,2025-07-29T13:45:00,1849,2025-07-29T12:45:00,60,32.21072006225586,10.479083061218262,31.463407516479492,19.739713668823242,21.033418655395508,21.46416664123535,21.86182403564453,-21.731637001037598,-0.7473125457763672,-12.471006393432617,-11.177301406860352,-10.746553421020508,-10.348896026611328
SILI-018,2025-07-29T14:00:00,1838,2025-07-29T10:00:00,240,32.45503234863281,7.425899505615234,34.16499710083008,0.0,12.993902206420898,14.755878448486328,16.165985107421875,-25.029132843017578,1.7099647521972656,-32.45503234863281,-19.461130142211914,-17.699153900146484,-16.289047241210938
SILI-018,2025-07-29T14:00:00,1849,2025-07-29T12:45:00,75,32.45503234863281,11.652434349060059,34.16499710083008,19.809864044189453,21.370935440063477,21.5369873046875,21.891626358032227,-20.802597999572754,1.7099647521972656,-12.64516830444336,-11.084096908569336,-10.918045043945312,-10.563405990600586
SILI-019,2025-07-30T09:30:00,1888,2025-07-30T07:30:00,120,44.33075714111328,7.101744651794434,40.118133544921875,6.795018672943115,6.185485363006592,9.430569648742676,4.781365871429443,-37.22901248931885,-4.212623596191406,-37.535738468170166,-38.14527177810669,-34.900187492370605,-39.54939126968384
SILI-019,2025-07-30T09:45:00,1888,2025-07-30T07:30:00,135,30.594297409057617,7.23049783706665,29.421184539794922,7.127732753753662,5.167375087738037,9.908724784851074,4.854413032531738,-23.363799571990967,-1.1731128692626953,-23.466564655303955,-25.42692232131958,-20.685572624206543,-25.73988437652588
SILI-020,2025-07-30T11:15:00,1888,2025-07-30T07:30:00,225,32.973358154296875,5.907763481140137,26.918909072875977,9.314029693603516,0.561855673789978,8.016348838806152,5.258322238922119,-27.06559467315674,-6.054449081420898,-23.65932846069336,-32.4115024805069,-24.957009315490723,-27.715035915374756
SILI-020,2025-07-30T11:15:00,1898,2025-07-30T10:00:00,75,32.973358154296875,12.954150199890137,26.918909072875977,19.057472229003906,18.306352615356445,18.84992027282715,20.288476943969727,-20.01920795440674,-6.054449081420898,-13.915885925292969,-14.66700553894043,-14.123437881469727,-12.684881210327148
SILI-020,2025-07-30T11:30:00,1888,2025-07-30T07:30:00,240,33.89668655395508,5.491560459136963,34.59034729003906,9.663211822509766,2.9317323424038477e-05,7.065650939941406,5.346786022186279,-28.405126094818115,0.6936607360839844,-24.233474731445312,-33.896657236631654,-26.831035614013672,-28.5499005317688
SILI-020,2025-07-30T11:30:00,1898,2025-07-30T10:00:00,90,33.89668655395508,11.051566123962402,34.59034729003906,19.0428466796875,18.12006378173828,18.886476516723633,20.47153091430664,-22.845120429992676,0.6936607360839844,-14.853839874267578,-15.776622772216797,-15.010210037231445,-13.425155639648438
SILI-020,2025-07-30T11:45:00,1898,2025-07-30T10:00:00,105,30.90652847290039,9.551700592041016,36.70151138305664,19.07960319519043,17.887121200561523,18.86119842529297,20.676759719848633,-21.354827880859375,5.79498291015625,-11.826925277709961,-13.019407272338867,-12.045330047607422,-10.229768753051758
SILI-020,2025-07-30T12:00:00,1898,2025-07-30T10:00:00,120,38.16764450073242,9.167459487915039,46.940242767333984,19.209354400634766,17.607566833496094,18.88507843017578,20.9041690826416,-29.000185012817383,8.772598266601562,-18.958290100097656,-20.560077667236328,-19.28256607055664,-17.26347541809082
SILI-020,2025-07-30T12:15:00,1898,2025-07-30T10:00:00,135,52.948368072509766,9.918292045593262,51.132572174072266,19.2697811126709,17.336217880249023,18.96314811706543,21.15456199645996,-43.030076026916504,-1.8157958984375,-33.67858695983887,-35.61215019226074,-33.985219955444336,-31.793806076049805
SILI-020,2025-07-30T12:30:00,1898,2025-07-30T10:00:00,150,33.663578033447266,9.546255111694336,37.04462814331055,19.332796096801758,17.07306480407715,19.095396041870117,21.416790008544922,-24.11732292175293,3.3810501098632812,-14.330781936645508,-16.590513229370117,-14.568181991577148,-12.246788024902344
SILI-021,2025-07-30T13:30:00,1898,2025-07-30T10:00:00,210,45.42130661010742,9.571681022644043,44.731388092041016,19.7464656829834,16.18543815612793,18.004304885864258,22.423341751098633,-35.84962558746338,-0.6899185180664062,-25.674840927124023,-29.235868453979492,-27.417001724243164,-22.99796485900879
SILI-021,2025-07-30T13:30:00,1909,2025-07-30T12:45:00,45,45.42130661010742,24.665782928466797,44.731388092041016,22.24642562866211,22.990293502807617,23.126245498657227,21.56640625,-20.755523681640625,-0.6899185180664062,-23.174880981445312,-22.431013107299805,-22.295061111450195,-23.854900360107422
SILI-021,2025-07-30T13:45:00,1898,2025-07-30T10:00:00,225,55.84064483642578,10.551383972167969,50.16532897949219,19.619531631469727,15.803779602050781,17.45293617248535,22.66222381591797,-45.28926086425781,-5.675315856933594,-36.221113204956055,-40.036865234375,-38.38770866394043,-33.17842102050781
SILI-021,2025-07-30T13:45:00,1909,2025-07-30T12:45:00,60,55.84064483642578,21.981910705566406,50.16532897949219,21.42453956604004,22.424381256103516,22.805761337280273,20.516403198242188,-33.858734130859375,-5.675315856933594,-34.41610527038574,-33.416263580322266,-33.03488349914551,-35.324241638183594
SILI-021,2025-07-30T14:00:00,1898,2025-07-30T10:00:00,240,52.757389068603516,10.174336433410645,49.4251708984375,19.479644775390625,15.395333290100098,16.951133728027344,22.892383575439453,-42.58305263519287,-3.3322181701660156,-33.27774429321289,-37.36205577850342,-35.80625534057617,-29.865005493164062
SILI-021,2025-07-30T14:00:00,1909,2025-07-30T12:45:00,75,52.757389068603516,26.467731475830078,49.4251708984375,20.597814559936523,21.857643127441406,23.050289154052734,19.975629806518555,-26.289657592773438,-3.3322181701660156,-32.15957450866699,-30.89974594116211,-29.70709991455078,-32.78175926208496
SILI-021,2025-07-30T14:15:00,1909,2025-07-30T12:45:00,90,38.187618255615234,24.479429244995117,44.45683288574219,19.896087646484375,21.290082931518555,23.474111557006836,19.567031860351562,-13.708189010620117,6.269214630126953,-18.29153060913086,-16.89753532409668,-14.713506698608398,-18.620586395263672
SILI-021,2025-07-30T14:30:00,1909,2025-07-30T12:45:00,105,46.832908630371094,20.263389587402344,36.60649490356445,19.542619705200195,20.72168731689453,23.858020782470703,19.158946990966797,-26.56951904296875,-10.22641372680664,-27.2902889251709,-26.111221313476562,-22.97488784790039,-27.673961639404297
SILI-021,2025-07-30T14:45:00,1909,2025-07-30T12:45:00,120,35.41578674316406,16.87209701538086,25.25467300415039,19.189590454101562,20.43107032775879,24.23320770263672,18.751375198364258,-18.543689727783203,-10.161113739013672,-16.2261962890625,-14.984716415405273,-11.182579040527344,-16.664411544799805
SILI-022,2025-07-31T13:45:00,1958,2025-07-31T11:00:00,165,30.131214141845703,14.012716293334961,33.634063720703125,5.248297214508057,6.150801658630371,6.908348560333252,9.003046035766602,-16.118497848510742,3.502849578857422,-24.882916927337646,-23.980412483215332,-23.22286558151245,-21.1281681060791
SILI-022,2025-07-31T13:45:00,1968,2025-07-31T13:30:00,15,30.131214141845703,12.552906036376953,33.634063720703125,19.840904235839844,19.957908630371094,19.941627502441406,19.860727310180664,-17.57830810546875,3.502849578857422,-10.29030990600586,-10.17330551147461,-10.189586639404297,-10.270486831665039
SILI-022,2025-07-31T14:00:00,1958,2025-07-31T11:00:00,180,31.114099502563477,12.99541187286377,36.094974517822266,5.339449882507324,6.182814121246338,6.9650797843933105,9.027549743652344,-18.118687629699707,4.980875015258789,-25.774649620056152,-24.93128538131714,-24.149019718170166,-22.086549758911133
SILI-022,2025-07-31T14:00:00,1968,2025-07-31T13:30:00,30,31.114099502563477,9.740703582763672,36.094974517822266,19.898462295532227,20.125755310058594,20.09198760986328,19.940458297729492,-21.373395919799805,4.980875015258789,-11.21563720703125,-10.988344192504883,-11.022111892700195,-11.173641204833984
SILI-022,2025-07-31T14:15:00,1958,2025-07-31T11:00:00,195,44.232200622558594,11.878477096557617,46.89695358276367,5.430568695068359,6.2155680656433105,7.015191078186035,8.77209186553955,-32.35372352600098,2.664752960205078,-38.801631927490234,-38.01663255691528,-37.21700954437256,-35.46010875701904
SILI-022,2025-07-31T14:15:00,1968,2025-07-31T13:30:00,45,44.232200622558594,8.75170612335205,46.89695358276367,19.958633422851562,20.289480209350586,20.237035751342773,20.025156021118164,-35.48049449920654,2.664752960205078,-24.27356719970703,-23.942720413208008,-23.99516487121582,-24.20704460144043
SILI-022,2025-07-31T14:30:00,1958,2025-07-31T11:00:00,210,40.595115661621094,11.376886367797852,51.55942153930664,5.521657466888428,6.244062900543213,7.058686256408691,8.446314811706543,-29.218229293823242,10.964305877685547,-35.073458194732666,-34.35105276107788,-33.5364294052124,-32.14880084991455
SILI-022,2025-07-31T14:30:00,1968,2025-07-31T13:30:00,60,40.595115661621094,8.5050630569458,51.55942153930664,20.021406173706055,20.449087142944336,20.37676429748535,20.11479949951172,-32.09005260467529,10.964305877685547,-20.57370948791504,-20.146028518676758,-20.218351364135742,-20.480316162109375
SILI-022,2025-07-31T14:45:00,1958,2025-07-31T11:00:00,225,32.85008239746094,11.166646003723145,44.22660827636719,5.612709045410156,6.07457160949707,7.095569133758545,8.071101188659668,-21.683436393737793,11.37652587890625,-27.23737335205078,-26.775510787963867,-25.754513263702393,-24.77898120880127
SILI-022,2025-07-31T14:45:00,1968,2025-07-31T13:30:00,75,32.85008239746094,9.001228332519531,44.22660827636719,20.086782455444336,20.604570388793945,20.511173248291016,20.209402084350586,-23.848854064941406,11.37652587890625,-12.763299942016602,-12.245512008666992,-12.338909149169922,-12.640680313110352
SILI-023,2025-08-05T15:15:00,2322,2025-08-05T12:00:00,195,32.4730110168457,15.77254581451416,27.130199432373047,4.071749687194824,4.283128261566162,0.005202676169574261,0.006163336802273989,-16.700465202331543,-5.342811584472656,-28.40126132965088,-28.18988275527954,-32.46780834067613,-32.46684768004343
SILI-023,2025-08-05T15:15:00,2332,2025-08-05T14:30:00,45,32.4730110168457,10.493391990661621,27.130199432373047,5.115781784057617,6.36939811706543,6.81329870223999,4.6467509269714355,-21.979619026184082,-5.342811584472656,-27.357229232788086,-26.103612899780273,-25.659712314605713,-27.826260089874268
SILI-023,2025-08-05T15:30:00,2322,2025-08-05T12:00:00,210,26.49356460571289,15.984560012817383,26.757898330688477,4.153234958648682,3.9545581340789795,0.007675583008676767,0.00872647762298584,-10.509004592895508,0.26433372497558594,-22.34032964706421,-22.53900647163391,-26.485889022704214,-26.484838128089905
SILI-023,2025-08-05T15:30:00,2332,2025-08-05T14:30:00,60,26.49356460571289,12.474526405334473,26.757898330688477,5.385857105255127,7.277225494384766,8.104446411132812,4.704347133636475,-14.019038200378418,0.26433372497558594,-21.107707500457764,-19.216339111328125,-18.389118194580078,-21.789217472076416
SILI-023,2025-08-05T15:45:00,2322,2025-08-05T12:00:00,225,31.172128677368164,19.144765853881836,37.06694793701172,4.23332405090332,3.6497106552124023,0.010426396504044533,0.013120148330926895,-12.027362823486328,5.894819259643555,-26.938804626464844,-27.52241802215576,-31.16170228086412,-31.159008529037237
SILI-023,2025-08-05T15:45:00,2332,2025-08-05T14:30:00,75,31.172128677368164,16.128957748413086,37.06694793701172,5.661015033721924,8.362053871154785,9.410026550292969,4.761988639831543,-15.043170928955078,5.894819259643555,-25.51111364364624,-22.81007480621338,-21.762102127075195,-26.41014003753662
SILI-023,2025-08-05T16:00:00,2322,2025-08-05T12:00:00,240,35.003910064697266,21.467308044433594,55.008323669433594,4.312018871307373,3.193376064300537,0.01231593731790781,0.018910540267825127,-13.536602020263672,20.004413604736328,-30.691891193389893,-31.81053400039673,-34.99159412737936,-34.98499952442944
SILI-023,2025-08-05T16:00:00,2332,2025-08-05T14:30:00,90,35.003910064697266,10.794549942016602,55.008323669433594,5.9402689933776855,9.458466529846191,11.233241081237793,4.819674015045166,-24.209360122680664,20.004413604736328,-29.06364107131958,-25.545443534851074,-23.770668983459473,-30.1842360496521
SILI-023,2025-08-05T16:15:00,2332,2025-08-05T14:30:00,105,60.13040542602539,13.148894309997559,64.82610321044922,6.2613630294799805,10.976834297180176,13.028629302978516,4.8774027824401855,-46.98151111602783,4.695697784423828,-53.86904239654541,-49.153571128845215,-47.101776123046875,-55.253002643585205
SILI-023,2025-08-05T16:30:00,2332,2025-08-05T14:30:00,120,74.68498229980469,15.888102531433105,68.58595275878906,6.584378719329834,12.41655158996582,15.16136646270752,4.93517541885376,-58.79687976837158,-6.099029541015625,-68.10060358047485,-62.26843070983887,-59.52361583709717,-69.74980688095093
SILI-023,2025-08-05T16:45:00,2332,2025-08-05T14:30:00,135,80.17047882080078,28.288930892944336,69.77783203125,6.907784461975098,14.010519981384277,17.329875946044922,4.992990970611572,-51.881547927856445,-10.392646789550781,-73.26269435882568,-66.1599588394165,-62.84060287475586,-75.17748785018921
SILI-023,2025-08-05T17:00:00,2332,2025-08-05T14:30:00,150,79.38092041015625,23.56646728515625,71.82791137695312,7.365728378295898,15.684890747070312,20.912555694580078,5.050848484039307,-55.814453125,-7.553009033203125,-72.01519203186035,-63.69602966308594,-58.46836471557617,-74.33007192611694
SILI-023,2025-08-05T17:15:00,2332,2025-08-05T14:30:00,165,72.52301788330078,15.905961036682129,72.64180755615234,7.838059425354004,17.645463943481445,24.32321548461914,5.108837604522705,-56.61705684661865,0.1187896728515625,-64.68495845794678,-54.877553939819336,-48.19980239868164,-67.41418027877808
SILI-023,2025-08-05T17:15:00,2342,2025-08-05T17:00:00,15,72.52301788330078,63.73487091064453,72.64180755615234,71.839111328125,71.83244323730469,71.9488525390625,71.88441467285156,-8.78814697265625,0.1187896728515625,-0.6839065551757812,-0.6905746459960938,-0.5741653442382812,-0.6386032104492188
SILI-023,2025-08-05T17:30:00,2332,2025-08-05T14:30:00,180,66.15396881103516,16.864233016967773,68.47465515136719,8.316971778869629,20.600385665893555,27.42791748046875,5.180591583251953,-49.28973579406738,2.3206863403320312,-57.83699703216553,-45.5535831451416,-38.726051330566406,-60.9733772277832
SILI-023,2025-08-05T17:30:00,2342,2025-08-05T17:00:00,30,66.15396881103516,46.59754943847656,68.47465515136719,71.85565185546875,71.83879852294922,72.09080505371094,71.95869445800781,-19.556419372558594,2.3206863403320312,5.701683044433594,5.6848297119140625,5.936836242675781,5.804725646972656
SILI-023,2025-08-05T17:45:00,2332,2025-08-05T14:30:00,195,57.68473815917969,12.52703857421875,56.19125747680664,8.789586067199707,23.10923957824707,31.120521545410156,5.252447605133057,-45.15769958496094,-1.4934806823730469,-48.89515209197998,-34.57549858093262,-26.56421661376953,-52.43229055404663
SILI-023,2025-08-05T17:45:00,2342,2025-08-05T17:00:00,45,57.68473815917969,25.379533767700195,56.19125747680664,71.87752532958984,71.84698486328125,72.25377655029297,72.0507583618164,-32.30520439147949,-1.4934806823730469,14.192787170410156,14.162246704101562,14.569038391113281,14.366020202636719
SILI-023,2025-08-05T18:00:00,2332,2025-08-05T14:30:00,210,49.74427032470703,9.338482856750488,45.921932220458984,9.278946876525879,25.484336853027344,35.58454513549805,5.324404716491699,-40.40578746795654,-3.822338104248047,-40.46532344818115,-24.259933471679688,-14.159725189208984,-44.41986560821533
SILI-023,2025-08-05T18:00:00,2342,2025-08-05T17:00:00,60,49.74427032470703,22.364883422851562,45.921932220458984,71.90473175048828,71.85700225830078,72.43775939941406,72.16059875488281,-27.37938690185547,-3.822338104248047,22.16046142578125,22.11273193359375,22.69348907470703,22.41632843017578
SILI-023,2025-08-05T18:15:00,2332,2025-08-05T14:30:00,225,43.394630432128906,9.919035911560059,33.0092658996582,9.780228614807129,28.307300567626953,40.038936614990234,5.396462440490723,-33.47559452056885,-10.385364532470703,-33.61440181732178,-15.087329864501953,-3.355693817138672,-37.998167991638184
SILI-023,2025-08-05T18:15:00,2342,2025-08-05T17:00:00,75,43.394630432128906,15.083334922790527,33.0092658996582,72.04744720458984,71.86883544921875,73.09257507324219,72.29734802246094,-28.31129550933838,-10.385364532470703,28.652816772460938,28.474205017089844,29.69794464111328,28.90271759033203
SILI-024,2025-08-06T07:15:00,2359,2025-08-06T03:15:00,240,34.83412170410156,22.506799697875977,30.39833641052246,0.0,10.452875137329102,10.254274368286133,9.678403854370117,-12.327322006225586,-4.435785293579102,-34.83412170410156,-24.38124656677246,-24.57984733581543,-25.155717849731445
SILI-024,2025-08-06T07:15:00,2369,2025-08-06T05:45:00,90,34.83412170410156,19.098628997802734,30.39833641052246,13.220185279846191,12.149739265441895,11.681657791137695,10.160374641418457,-15.735492706298828,-4.435785293579102,-21.61393642425537,-22.684382438659668,-23.152463912963867,-24.673747062683105
SILI-025,2025-08-06T08:15:00,2369,2025-08-06T05:45:00,150,35.91340255737305,16.680208206176758,31.36807632446289,13.545875549316406,11.693546295166016,10.929030418395996,8.585212707519531,-19.23319435119629,-4.545326232910156,-22.36752700805664,-24.21985626220703,-24.98437213897705,-27.328189849853516
SILI-025,2025-08-06T08:30:00,2369,2025-08-06T05:45:00,165,38.78632736206055,13.111297607421875,32.11323165893555,13.650164604187012,11.594651222229004,10.748897552490234,8.178739547729492,-25.675029754638672,-6.673095703125,-25.136162757873535,-27.191676139831543,-28.037429809570312,-30.607587814331055
SILI-025,2025-08-06T08:30:00,2379,2025-08-06T08:15:00,15,38.78632736206055,24.78792381286621,32.11323165893555,31.444400787353516,31.72132682800293,31.71278190612793,31.391063690185547,-13.998403549194336,-6.673095703125,-7.341926574707031,-7.065000534057617,-7.073545455932617,-7.395263671875
SILI-025,2025-08-06T08:45:00,2369,2025-08-06T05:45:00,180,30.69778823852539,15.946861267089844,30.15778923034668,13.755294799804688,11.49785327911377,10.565478324890137,7.764325141906738,-14.750926971435547,-0.5399990081787109,-16.942493438720703,-19.19993495941162,-20.132309913635254,-22.933463096618652
SILI-025,2025-08-06T08:45:00,2379,2025-08-06T08:15:00,30,30.69778823852539,25.968379974365234,30.15778923034668,31.517860412597656,32.06355667114258,32.047767639160156,31.413267135620117,-4.729408264160156,-0.5399990081787109,0.8200721740722656,1.3657684326171875,1.3499794006347656,0.7154788970947266
SILI-025,2025-08-06T09:00:00,2369,2025-08-06T05:45:00,195,33.668983459472656,14.659248352050781,28.786226272583008,13.861282348632812,11.399392127990723,10.378774642944336,7.377424716949463,-19.009735107421875,-4.882757186889648,-19.807701110839844,-22.269591331481934,-23.29020881652832,-26.291558742523193
SILI-025,2025-08-06T09:00:00,2379,2025-08-06T08:15:00,45,33.668983459472656,27.402788162231445,28.786226272583008,31.58846092224121,32.394771575927734,32.373043060302734,31.434680938720703,-6.266195297241211,-4.882757186889648,-2.0805225372314453,-1.2742118835449219,-1.2959403991699219,-2.234302520751953
SILI-026,2025-08-07T14:30:00,2465,2025-08-07T11:45:00,165,34.4720573425293,31.654935836791992,35.96900939941406,21.28074073791504,22.420316696166992,21.932048797607422,21.956695556640625,-2.8171215057373047,1.4969520568847656,-13.191316604614258,-12.051740646362305,-12.540008544921875,-12.515361785888672
SILI-026,2025-08-07T14:30:00,2475,2025-08-07T14:15:00,15,34.4720573425293,45.475704193115234,35.96900939941406,34.18984603881836,34.05089569091797,34.08932876586914,34.10056686401367,11.003646850585938,1.4969520568847656,-0.2822113037109375,-0.4211616516113281,-0.38272857666015625,-0.371490478515625
SILI-026,2025-08-07T14:45:00,2465,2025-08-07T11:45:00,180,29.9814453125,35.016448974609375,34.13296127319336,21.24856948852539,22.46660804748535,21.963470458984375,21.990543365478516,5.035003662109375,4.151515960693359,-8.73287582397461,-7.514837265014648,-8.017974853515625,-7.990901947021484
SILI-026,2025-08-07T14:45:00,2475,2025-08-07T14:15:00,30,29.9814453125,48.32029724121094,34.13296127319336,34.28861999511719,34.009735107421875,34.08692932128906,34.10902404785156,18.338851928710938,4.151515960693359,4.3071746826171875,4.028289794921875,4.1054840087890625,4.1275787353515625
SILI-026,2025-08-07T15:00:00,2465,2025-08-07T11:45:00,195,31.413339614868164,32.37065124511719,40.2166862487793,21.215740203857422,22.503376007080078,21.99497413635254,22.024505615234375,0.9573116302490234,8.803346633911133,-10.197599411010742,-8.909963607788086,-9.418365478515625,-9.388833999633789
SILI-026,2025-08-07T15:00:00,2475,2025-08-07T14:15:00,45,31.413339614868164,47.69801330566406,40.2166862487793,34.38798141479492,33.968170166015625,34.08445358276367,34.117034912109375,16.2846736907959,8.803346633911133,2.974641799926758,2.554830551147461,2.671113967895508,2.703695297241211
SILI-027,2025-08-07T15:45:00,2465,2025-08-07T11:45:00,240,31.227115631103516,32.55879592895508,37.201141357421875,21.113386154174805,22.617103576660156,22.089982986450195,22.127079010009766,1.3316802978515625,5.974025726318359,-10.113729476928711,-8.61001205444336,-9.13713264465332,-9.10003662109375
SILI-027,2025-08-07T15:45:00,2475,2025-08-07T14:15:00,90,31.227115631103516,39.40534210205078,37.201141357421875,34.68959045410156,33.84104919433594,34.076576232910156,34.13840103149414,8.178226470947266,5.974025726318359,3.462474822998047,2.613933563232422,2.8494606018066406,2.911285400390625
SILI-028,2025-08-14T12:45:00,2866,2025-08-14T10:45:00,120,33.21690368652344,29.205984115600586,35.04110336303711,44.66918182373047,32.38040542602539,31.9583740234375,25.408632278442383,-4.010919570922852,1.8241996765136719,11.452278137207031,-0.8364982604980469,-1.2585296630859375,-7.808271408081055
SILI-028,2025-08-14T13:00:00,2866,2025-08-14T10:45:00,135,40.07610321044922,30.214550018310547,36.86222839355469,45.87125778198242,32.8597526550293,32.27957534790039,25.491079330444336,-9.861553192138672,-3.2138748168945312,5.795154571533203,-7.216350555419922,-7.796527862548828,-14.585023880004883
SILI-028,2025-08-14T13:15:00,2866,2025-08-14T10:45:00,150,47.107723236083984,30.839834213256836,49.489376068115234,46.284122467041016,33.53315353393555,32.7689323425293,25.573566436767578,-16.26788902282715,2.38165283203125,-0.8236007690429688,-13.574569702148438,-14.338790893554688,-21.534156799316406
SILI-028,2025-08-14T13:30:00,2866,2025-08-14T10:45:00,165,57.68769836425781,30.110015869140625,61.149532318115234,45.06349563598633,34.27537155151367,33.40675735473633,25.65609359741211,-27.577682495117188,3.461833953857422,-12.624202728271484,-23.41232681274414,-24.280941009521484,-32.0316047668457
SILI-028,2025-08-14T13:30:00,2876,2025-08-14T13:15:00,15,57.68769836425781,66.48992919921875,61.149532318115234,57.90746307373047,60.089599609375,59.97260665893555,57.82868957519531,8.802230834960938,3.461833953857422,0.21976470947265625,2.4019012451171875,2.2849082946777344,0.1409912109375
SILI-028,2025-08-14T13:45:00,2866,2025-08-14T10:45:00,180,67.83751678466797,29.629554748535156,65.77003479003906,0.0,35.409000396728516,34.09807205200195,25.73866081237793,-38.20796203613281,-2.0674819946289062,-67.83751678466797,-32.42851638793945,-33.739444732666016,-42.09885597229004
SILI-028,2025-08-14T13:45:00,2876,2025-08-14T13:15:00,30,67.83751678466797,59.810550689697266,65.77003479003906,63.66432189941406,64.27735900878906,64.23165893554688,63.384613037109375,-8.026966094970703,-2.0674819946289062,-4.173194885253906,-3.5601577758789062,-3.6058578491210938,-4.452903747558594
SILI-028,2025-08-14T14:00:00,2866,2025-08-14T10:45:00,195,64.66630554199219,28.545888900756836,61.87325668334961,0.0,36.81401443481445,35.381622314453125,25.821266174316406,-36.12041664123535,-2.793048858642578,-64.66630554199219,-27.852291107177734,-29.284683227539062,-38.84503936767578
SILI-028,2025-08-14T14:00:00,2876,2025-08-14T13:15:00,45,64.66630554199219,52.017120361328125,61.87325668334961,64.84944152832031,58.379642486572266,58.61787033081055,63.98496627807617,-12.649185180664062,-2.793048858642578,0.183135986328125,-6.286663055419922,-6.048435211181641,-0.6813392639160156
SILI-028,2025-08-14T14:15:00,2866,2025-08-14T10:45:00,210,59.46586608886719,27.231210708618164,58.64725112915039,0.0,38.18946075439453,36.57981491088867,25.903913497924805,-32.23465538024902,-0.8186149597167969,-59.46586608886719,-21.276405334472656,-22.886051177978516,-33.56195259094238
SILI-028,2025-08-14T14:15:00,2876,2025-08-14T13:15:00,60,59.46586608886719,46.95932388305664,58.64725112915039,60.16088104248047,47.23928451538086,47.625633239746094,56.996829986572266,-12.506542205810547,-0.8186149597167969,0.6950149536132812,-12.226581573486328,-11.840232849121094,-2.469036102294922
SILI-028,2025-08-14T14:30:00,2866,2025-08-14T10:45:00,225,59.34208679199219,26.689777374267578,61.8827018737793,0.0,39.56575012207031,37.85860061645508,25.98659896850586,-32.65230941772461,2.5406150817871094,-59.34208679199219,-19.776336669921875,-21.48348617553711,-33.35548782348633
SILI-028,2025-08-14T14:30:00,2876,2025-08-14T13:15:00,75,59.34208679199219,35.02134704589844,61.8827018737793,52.57282638549805,41.33350372314453,41.50023651123047,48.06034851074219,-24.32073974609375,2.5406150817871094,-6.769260406494141,-18.008583068847656,-17.84185028076172,-11.28173828125
SILI-028,2025-08-14T14:45:00,2866,2025-08-14T10:45:00,240,59.8884162902832,27.09836769104004,59.74626922607422,0.0,40.899715423583984,39.1923713684082,26.069324493408203,-32.790048599243164,-0.14214706420898438,-59.8884162902832,-18.98870086669922,-20.696044921875,-33.819091796875
SILI-028,2025-08-14T14:45:00,2876,2025-08-14T13:15:00,90,59.8884162902832,39.29808044433594,59.74626922607422,45.30896759033203,37.42219161987305,37.34333801269531,41.760799407958984,-20.590335845947266,-0.14214706420898438,-14.579448699951172,-22.466224670410156,-22.54507827758789,-18.12761688232422
SILI-028,2025-08-14T15:00:00,2876,2025-08-14T13:15:00,105,54.36748123168945,36.55538558959961,58.509010314941406,46.01420593261719,35.55087661743164,35.635528564453125,39.35043716430664,-17.812095642089844,4.141529083251953,-8.353275299072266,-18.816604614257812,-18.731952667236328,-15.017044067382812
SILI-028,2025-08-14T15:15:00,2876,2025-08-14T13:15:00,120,49.30305480957031,36.60823440551758,49.46251678466797,42.265846252441406,36.14512252807617,35.91831588745117,38.3254280090332,-12.694820404052734,0.15946197509765625,-7.037208557128906,-13.15793228149414,-13.38473892211914,-10.97762680053711
SILI-028,2025-08-14T15:30:00,2876,2025-08-14T13:15:00,135,38.613380432128906,39.68285369873047,35.779476165771484,39.24382781982422,38.72675323486328,38.28490447998047,35.93212890625,1.0694732666015625,-2.833904266357422,0.6304473876953125,0.113372802734375,-0.3284759521484375,-2.6812515258789062
SILI-028,2025-08-14T15:45:00,2876,2025-08-14T13:15:00,150,30.0648136138916,34.89918899536133,29.579593658447266,38.05293273925781,42.742584228515625,42.4763298034668,36.960838317871094,4.834375381469727,-0.48521995544433594,7.988119125366211,12.677770614624023,12.411516189575195,6.896024703979492
SILI-029,2025-08-15T16:45:00,2906,2025-08-15T15:15:00,90,33.04557418823242,8.270023345947266,19.693965911865234,3.3867905139923096,3.3706796169281006,3.3699588775634766,3.370194435119629,-24.775550842285156,-13.351608276367188,-29.658783674240112,-29.67489457130432,-29.675615310668945,-29.675379753112793
SILI-029,2025-08-15T17:00:00,2906,2025-08-15T15:15:00,105,30.3975772857666,8.732499122619629,19.659156799316406,3.3896775245666504,3.369579792022705,3.3684258460998535,3.3687849044799805,-21.665078163146973,-10.738420486450195,-27.00789976119995,-27.027997493743896,-27.029151439666748,-27.02879238128662
SILI-030,2025-08-15T18:00:00,2906,2025-08-15T15:15:00,165,32.52756118774414,9.900775909423828,29.074724197387695,3.401254177093506,3.3614914417266846,3.3634445667266846,3.365990161895752,-22.626785278320312,-3.4528369903564453,-29.126307010650635,-29.166069746017456,-29.164116621017456,-29.16157102584839
SILI-030,2025-08-15T18:00:00,2916,2025-08-15T17:45:00,15,32.52756118774414,19.964433670043945,29.074724197387695,31.647235870361328,32.13785171508789,31.535234451293945,31.738882064819336,-12.563127517700195,-3.4528369903564453,-0.8803253173828125,-0.38970947265625,-0.9923267364501953,-0.7886791229248047
SILI-031,2025-08-16T16:45:00,2972,2025-08-16T14:15:00,150,33.842185974121094,1.850259780883789,27.761381149291992,0.015600724145770073,0.3670765161514282,0.07673303037881851,0.031204724684357643,-31.991926193237305,-6.080804824829102,-33.826585249975324,-33.475109457969666,-33.765452943742275,-33.810981249436736
SILI-032,2025-08-19T11:45:00,3132,2025-08-19T07:45:00,240,35.13064956665039,20.853546142578125,30.214393615722656,8.239127159118652,7.9201202392578125,8.326560974121094,8.138162612915039,-14.277103424072266,-4.916255950927734,-26.89152240753174,-27.210529327392578,-26.804088592529297,-26.99248695373535
SILI-032,2025-08-19T11:45:00,3142,2025-08-19T10:15:00,90,35.13064956665039,29.81843376159668,30.214393615722656,22.480905532836914,22.57129669189453,22.797163009643555,22.170711517333984,-5.312215805053711,-4.916255950927734,-12.649744033813477,-12.55935287475586,-12.333486557006836,-12.959938049316406
SILI-032,2025-08-19T12:00:00,3142,2025-08-19T10:15:00,105,32.17801284790039,27.877399444580078,30.478622436523438,22.789894104003906,22.89516830444336,22.996185302734375,22.4304141998291,-4.3006134033203125,-1.6993904113769531,-9.388118743896484,-9.282844543457031,-9.181827545166016,-9.747598648071289
SILI-032,2025-08-19T12:15:00,3142,2025-08-19T10:15:00,120,30.93716049194336,29.686180114746094,30.7553653717041,23.097810745239258,23.217918395996094,23.196348190307617,22.689729690551758,-1.2509803771972656,-0.1817951202392578,-7.839349746704102,-7.719242095947266,-7.740812301635742,-8.247430801391602
SILI-032,2025-08-19T12:30:00,3142,2025-08-19T10:15:00,135,23.568361282348633,31.877187728881836,27.970434188842773,23.404651641845703,23.53954315185547,23.403358459472656,22.948667526245117,8.308826446533203,4.402072906494141,-0.1637096405029297,-0.028818130493164062,-0.16500282287597656,-0.6196937561035156
SILI-032,2025-08-19T12:45:00,3142,2025-08-19T10:15:00,150,32.04783630371094,33.58940505981445,29.3791446685791,23.661128997802734,23.852500915527344,23.668231964111328,23.211641311645508,1.5415687561035156,-2.668691635131836,-8.386707305908203,-8.195335388183594,-8.37960433959961,-8.83619499206543
SILI-032,2025-08-19T12:45:00,3151,2025-08-19T12:30:00,15,32.04783630371094,39.60764694213867,29.3791446685791,28.549015045166016,28.720632553100586,28.741575241088867,28.71091079711914,7.559810638427734,-2.668691635131836,-3.498821258544922,-3.3272037506103516,-3.3062610626220703,-3.336925506591797
SILI-033,2025-08-20T16:45:00,3228,2025-08-20T14:15:00,150,37.73698043823242,17.274137496948242,33.825294494628906,7.524277210235596,7.095993518829346,10.916080474853516,18.879215240478516,-20.46284294128418,-3.9116859436035156,-30.212703227996826,-30.640986919403076,-26.820899963378906,-18.857765197753906
SILI-033,2025-08-20T17:00:00,3228,2025-08-20T14:15:00,165,39.65473556518555,18.04133415222168,39.48194885253906,7.625415802001953,7.148701190948486,11.889296531677246,20.81272315979004,-21.613401412963867,-0.17278671264648438,-32.029319763183594,-32.50603437423706,-27.7654390335083,-18.842012405395508
SILI-033,2025-08-20T17:15:00,3228,2025-08-20T14:15:00,180,32.240501403808594,18.296546936035156,37.80047607421875,7.726347923278809,7.200191974639893,12.380966186523438,22.609722137451172,-13.943954467773438,5.559974670410156,-24.514153480529785,-25.0403094291687,-19.859535217285156,-9.630779266357422
SILI-033,2025-08-20T17:30:00,3228,2025-08-20T14:15:00,195,22.761844635009766,20.241804122924805,38.34601593017578,7.827088832855225,7.250469207763672,11.837660789489746,24.26854705810547,-2.520040512084961,15.584171295166016,-14.934755802154541,-15.511375427246094,-10.92418384552002,1.5067024230957031
SILI-033,2025-08-20T17:45:00,3228,2025-08-20T14:15:00,210,31.709827423095703,18.584699630737305,45.28927993774414,7.9276299476623535,7.299530982971191,10.967894554138184,25.384906768798828,-13.125127792358398,13.579452514648438,-23.78219747543335,-24.41029644012451,-20.74193286895752,-6.324920654296875
SILI-033,2025-08-20T18:00:00,3228,2025-08-20T14:15:00,225,33.53456497192383,22.3414306640625,40.18133544921875,8.02797794342041,7.347375869750977,13.2960786819458,26.60556411743164,-11.193134307861328,6.646770477294922,-25.506587028503418,-26.18718910217285,-20.238486289978027,-6.9290008544921875
SILI-034,2025-08-22T07:30:00,3280,2025-08-22T06:00:00,90,30.262004852294922,34.376548767089844,30.213478088378906,30.9248046875,31.4919490814209,30.95838737487793,30.148090362548828,4.114543914794922,-0.048526763916015625,0.6627998352050781,1.2299442291259766,0.6963825225830078,-0.11391448974609375
SILI-035,2025-08-27T18:00:00,3610,2025-08-27T14:30:00,210,35.71217346191406,6.9699015617370605,33.864540100097656,0.00011417844507377595,0.0001255430979654193,0.00012378442625049502,1.528954271634575e-05,-28.742271900177002,-1.8476333618164062,-35.71205928346899,-35.7120479188161,-35.71204967748781,-35.712158172371346
SILI-036,2025-08-28T15:00:00,3649,2025-08-28T12:30:00,150,44.031219482421875,9.285687446594238,44.86924743652344,0.7562410831451416,1.2755823135375977,1.284749150276184,0.017796749249100685,-34.74553203582764,0.8380279541015625,-43.27497839927673,-42.75563716888428,-42.74647033214569,-44.013422733172774
SILI-036,2025-08-28T15:15:00,3649,2025-08-28T12:30:00,165,56.46849060058594,10.662637710571289,53.7818717956543,0.8452225923538208,1.479569911956787,1.4935532808303833,0.01903354562819004,-45.80585289001465,-2.6866188049316406,-55.62326800823212,-54.98892068862915,-54.974937319755554,-56.44945705495775
SILI-036,2025-08-28T15:15:00,3659,2025-08-28T15:00:00,15,56.46849060058594,17.065996170043945,53.7818717956543,49.72737503051758,49.64575958251953,49.287845611572266,49.08159255981445,-39.40249443054199,-2.6866188049316406,-6.741115570068359,-6.822731018066406,-7.180644989013672,-7.386898040771484
SILI-036,2025-08-28T15:30:00,3649,2025-08-28T12:30:00,180,48.59150314331055,11.23222541809082,48.53187942504883,0.9367327094078064,1.6804968118667603,1.7712911367416382,0.020270252600312233,-37.35927772521973,-0.05962371826171875,-47.65477043390274,-46.91100633144379,-46.82021200656891,-48.571232890710235
SILI-036,2025-08-28T15:30:00,3659,2025-08-28T15:00:00,30,48.59150314331055,17.028528213500977,48.53187942504883,49.81938934326172,49.424625396728516,50.27398681640625,50.181907653808594,-31.56297492980957,-0.05962371826171875,1.2278861999511719,0.8331222534179688,1.6824836730957031,1.5904045104980469
SILI-036,2025-08-28T15:45:00,3649,2025-08-28T12:30:00,195,32.766788482666016,11.100849151611328,36.723018646240234,1.0307683944702148,1.8783565759658813,2.1060633659362793,0.021506501361727715,-21.665939331054688,3.9562301635742188,-31.7360200881958,-30.888431906700134,-30.660725116729736,-32.74528198130429
SILI-036,2025-08-28T15:45:00,3659,2025-08-28T15:00:00,45,32.766788482666016,14.604488372802734,36.723018646240234,43.97196960449219,43.313377380371094,46.346946716308594,46.91801834106445,-18.16230010986328,3.9562301635742188,11.205181121826172,10.546588897705078,13.580158233642578,14.151229858398438
SILI-037,2025-09-01T13:45:00,3854,2025-09-01T13:00:00,45,40.76351547241211,10.982057571411133,42.916996002197266,39.7061882019043,38.1052131652832,38.01435852050781,42.48810577392578,-29.781457901000977,2.1534805297851562,-1.0573272705078125,-2.6583023071289062,-2.749156951904297,1.7245903015136719
SILI-037,2025-09-01T13:45:00,3856,2025-09-01T13:30:00,15,40.76351547241211,45.4891242980957,42.916996002197266,42.093875885009766,41.889625549316406,42.625003814697266,46.225318908691406,4.725608825683594,2.1534805297851562,1.3303604125976562,1.1261100769042969,1.8614883422851562,5.461803436279297
SILI-037,2025-09-01T14:00:00,3854,2025-09-01T13:00:00,60,38.8184700012207,5.47680139541626,36.21172332763672,40.72309494018555,38.58855438232422,38.46727752685547,44.43235397338867,-33.34166860580444,-2.6067466735839844,1.9046249389648438,-0.22991561889648438,-0.3511924743652344,5.613883972167969
SILI-037,2025-09-01T14:00:00,3856,2025-09-01T13:30:00,30,38.8184700012207,24.98579978942871,36.21172332763672,42.588504791259766,42.1786003112793,43.65708923339844,50.971981048583984,-13.832670211791992,-2.6067466735839844,3.7700347900390625,3.3601303100585938,4.838619232177734,12.153511047363281
SILI-037,2025-09-01T14:15:00,3854,2025-09-01T13:00:00,75,38.68215560913086,4.71224308013916,29.771926879882812,41.74000930786133,39.07190704345703,38.92023468017578,46.37663650512695,-33.9699125289917,-8.910228729248047,3.0578536987304688,0.3897514343261719,0.23807907104492188,7.694480895996094
SILI-037,2025-09-01T14:15:00,3856,2025-09-01T13:30:00,45,38.68215560913086,5.900032997131348,29.771926879882812,43.08495330810547,42.468040466308594,44.69742965698242,54.880435943603516,-32.78212261199951,-8.910228729248047,4.402797698974609,3.7858848571777344,6.0152740478515625,16.198280334472656
