seed,station,group,variant,n,rmse,mae,bias,mean_predicted_ghi,rmse_delta_vs_original,mae_delta_vs_original,mean_ghi_shift_vs_original,fraction_ghi_shift_positive
42,sili,all,original,49806,166.78110860189696,118.11266489227917,-32.239656139124314,405.9401213977187,0.0,0.0,0.0,0.0
42,sili,predicted_sunny,original,3046,76.47671963372845,56.84523319275825,-32.62129423224062,471.29860071194844,0.0,0.0,0.0,0.0
42,sili,predicted_partly_cloudy,original,24518,154.22061258406583,113.34592298107765,-33.128915843909745,486.39017217305735,0.0,0.0,0.0,0.0
42,sili,predicted_overcast,original,22242,187.79999108170958,131.7576417439822,-31.207134824783807,308.30698261069864,0.0,0.0,0.0,0.0
42,zhujia,all,original,50043,131.23190467771792,95.84852372422094,-22.520448082826853,364.3672356425027,0.0,0.0,0.0,0.0
42,zhujia,predicted_sunny,original,24375,126.44390594533816,91.22968327084271,-5.828176610886127,403.2638038335583,0.0,0.0,0.0,0.0
42,zhujia,predicted_partly_cloudy,original,13481,137.6550308348867,108.60189191248794,-45.608156921480365,415.6105689396081,0.0,0.0,0.0,0.0
42,zhujia,predicted_overcast,original,12187,133.3376973849518,90.9790791935789,-30.367228609180135,229.88662303601558,0.0,0.0,0.0,0.0
42,sili,all,zero_all,49806,164.03297623377276,113.67852613599922,-12.793343419451599,425.38643411739133,-2.748132368124203,-4.43413875627995,19.44631271967271,0.68704573746135
42,sili,predicted_sunny,zero_all,3046,71.75332100585459,48.784423548423355,-9.403617711533679,494.51627723265545,-4.723398627873863,-8.060809644334896,23.21767652070694,0.6474064346684176
42,sili,predicted_partly_cloudy,zero_all,24518,151.4233859818743,105.9550946136945,-14.095457477143455,505.42363053982365,-2.797226602191529,-7.3908283673831505,19.03345836676629,0.6169752834652092
42,sili,predicted_overcast,zero_all,22242,185.1253344945707,131.0794132210466,-11.82220197712758,327.6919154583548,-2.674656587138884,-0.6782285229355978,19.384932847656227,0.7697149536912148
42,zhujia,all,zero_all,50043,131.81204639397873,93.72195712508696,-12.697304807711134,374.1903789176184,0.5801417162608118,-2.12656659913398,9.823143275115727,0.534780089123354
42,zhujia,predicted_sunny,zero_all,24375,129.84572546934726,87.90831291124923,-0.6354493328149956,408.4565311116295,3.401819524009099,-3.3213703595934874,5.192727278071135,0.4153025641025641
42,zhujia,predicted_partly_cloudy,zero_all,13481,132.98540157219435,102.63820685549048,-37.07017169017561,424.14855417091286,-4.669629262692354,-5.963685056997463,8.537985231304749,0.5423929975521103
42,zhujia,predicted_overcast,zero_all,12187,134.38665394143516,95.48675691968154,-9.86125891931281,250.3925927258829,1.048956556483347,4.507677726102642,20.505969689867324,0.7653237055879215
42,sili,all,sunny_median,49806,169.1445547256446,121.1754264056596,-26.7364203672141,411.4433571696288,2.36344612374765,3.062761513380437,5.503235771910209,0.5807131670883026
42,sili,predicted_sunny,sunny_median,3046,76.12929943947407,56.3124444833221,-31.744813038093373,472.17508190609567,-0.34742019425438286,-0.5327887094361472,0.8764811941472549,0.5233092580433355
42,sili,predicted_partly_cloudy,sunny_median,24518,159.42459989497132,117.11983200823269,-42.726640223305225,476.7924477936619,5.2039873109054895,3.7739090271550424,-9.597724379395485,0.4394322538543111
42,sili,predicted_overcast,sunny_median,22242,187.7624201347734,134.52888861101673,-8.424048525332058,331.09006891015036,-0.03757094693617091,2.7712468670345345,22.78308629945175,0.7443125618199802
42,zhujia,all,sunny_median,50043,134.17186501523432,99.42037559756344,-12.65224123407574,374.2354424912539,2.9399603375163963,3.5718518733424958,9.868206848751115,0.6745598785044862
42,zhujia,predicted_sunny,sunny_median,24375,126.07067780317874,90.6507626231322,-4.550231905965442,404.541748538479,-0.37322814215941946,-0.5789206477105182,1.2779447049206867,0.6626461538461539
42,zhujia,predicted_partly_cloudy,sunny_median,13481,141.80057479508105,111.89945676039366,-47.823005112197,413.39572074889145,4.145543960194345,3.2975648479057185,-2.21484819071664,0.5163563533862473
42,zhujia,predicted_overcast,sunny_median,12187,141.03175644673547,103.1562271685528,10.048225695296876,270.3020773404926,7.694059061783662,12.177147974973906,40.41545430447701,0.8733896775252318
42,sili,all,drop_mean,49806,164.746919843796,112.23653508476534,-12.966206959673624,425.2135705771693,-2.034188758100953,-5.876129807513834,19.273449179450687,0.643677468578083
42,sili,predicted_sunny,drop_mean,3046,75.32223833179216,47.54715102369216,23.23679300458769,527.1566879487768,-1.1544813019362863,-9.298082169066092,55.85808723682831,1.0
42,sili,predicted_partly_cloudy,drop_mean,24518,149.28483535834283,102.56605119874006,0.3274755158227045,519.8465635327898,-4.935777225723001,-10.779871782337594,33.45639135973245,0.929888245370748
42,sili,predicted_overcast,drop_mean,22242,188.23925450472504,131.75567849667058,-32.57815034719988,306.93596708828255,0.4392634230154613,-0.0019632473116075744,-1.371015522416067,0.2793813505979678
42,zhujia,all,drop_mean,50043,134.50591305362093,92.01384373087481,4.437670032028841,391.32535375735847,3.2740083759030085,-3.8346799933461284,26.958118114855697,0.887676598125612
42,zhujia,predicted_sunny,drop_mean,24375,137.22494302113475,88.11511096503759,36.01401466281179,445.1059951072562,10.78103707579659,-3.114572305805126,41.842191273697914,0.9997948717948718
42,zhujia,predicted_partly_cloudy,drop_mean,13481,130.82116531974998,100.06660902929634,-22.982474241046194,438.23625162004225,-6.833865515136722,-8.535282883191599,22.62568268043417,0.9437727171574809
42,zhujia,predicted_overcast,drop_mean,12187,133.02466586436796,90.90383160149608,-28.386030257624864,231.86782138757084,-0.31303152058384853,-0.0752475920828175,1.9811983515552738,0.60137851809305
42,sili,all,drop_std,49806,166.4218279368485,117.62379129884603,-31.53732473020644,406.6424528066365,-0.359280665048459,-0.48887359343314074,0.7023314089178709,0.4751435570011645
42,sili,predicted_sunny,drop_std,3046,80.31257996828292,62.03790653938364,-39.69166189740422,464.2282330467849,3.835860334554468,5.192673346625391,-7.0703676651635945,0.056467498358502954
42,sili,predicted_partly_cloudy,drop_std,24518,153.5141172869858,112.26455725218614,-30.416610672987193,489.10247734397996,-0.7064952970800391,-1.0813657288915124,2.7123051709225487,0.5030589770780651
42,sili,predicted_overcast,drop_std,22242,187.50483312646318,131.1438122202258,-31.655999140943653,307.85811829453877,-0.29515795524639543,-0.6138295237563796,-0.44886431615984457,0.5017084794532866
42,zhujia,all,drop_std,50043,130.19916948172167,95.7565817102223,-24.032435245750882,362.8552484795787,-1.0327351959962527,-0.09194201399863289,-1.5119871629240205,0.34822053034390427
42,zhujia,predicted_sunny,drop_std,24375,125.28899411511013,92.05011495872311,-11.528468324612444,397.563512119832,-1.1549118302280306,0.8204316878804008,-5.700291713726308,0.1275897435897436
42,zhujia,predicted_partly_cloudy,drop_std,13481,135.0387462776255,106.17577662082297,-39.64754581361764,421.5711800474708,-2.6162845572611957,-2.4261152916649706,5.96061110786273,0.6237667828796083
42,zhujia,predicted_overcast,drop_std,12187,134.31669894455558,91.64432770825181,-31.76829215371328,228.4855594914824,0.9790015596037733,0.6652485146729106,-1.4010635445331445,0.4846968080741774
42,sili,all,drop_p90,49806,164.82069406207924,113.60950784419,-21.684411616213946,416.495365920629,-1.9604145398177195,-4.5031570480891645,10.555244522910368,0.6849777135284906
42,sili,predicted_sunny,drop_p90,3046,69.04549509782345,45.60008751028415,-7.065403373695044,496.8544915704941,-7.431224535905002,-11.245145682474103,25.555890858545578,0.9990151017728168
42,sili,predicted_partly_cloudy,drop_p90,24518,149.7339351752845,105.55684876115585,-13.376322882530046,506.1427651344371,-4.486677408781333,-7.789074219921801,19.752592961379698,0.8591239089648421
42,sili,predicted_overcast,drop_p90,22242,188.32027944260687,131.7999488897304,-32.84470379673613,306.6694136387463,0.5202883608972968,0.04230714574819672,-1.637568971952322,0.4500044959985613
42,zhujia,all,drop_p90,50043,130.47864911682854,90.79816479251014,-8.349252541109854,378.53843118421975,-0.7532555608893858,-5.050358931710804,14.17119554171701,0.7011969706052794
42,zhujia,predicted_sunny,drop_p90,24375,127.92830893051152,84.79237961174655,14.054262585877385,423.14624303032184,1.484402985173361,-6.437303659096159,19.882439196763517,0.747774358974359
42,zhujia,predicted_partly_cloudy,drop_p90,13481,132.11552562905356,101.5499253928442,-28.68173518013592,432.53699068095256,-5.539505205833137,-7.0519665196437415,16.92642174134445,0.7543950745493658
42,zhujia,predicted_overcast,drop_p90,12187,133.66865663535205,90.91685923150321,-30.666761588751065,229.58709005644462,0.330959250400241,-0.06221996207568736,-0.29953297957092845,0.5491917617133011
42,sili,all,drop_center,49806,172.6706461800048,127.55196394339455,-37.57873726832235,400.6010402685206,5.8895375781078485,9.439299051115384,-5.339081129198042,0.40613580693089185
42,sili,predicted_sunny,drop_center,3046,102.51833942698764,87.06808048694955,-71.69136653854643,432.22852840564263,26.041619793259187,30.222847294191304,-39.07007230630581,0.0
42,sili,predicted_partly_cloudy,drop_center,24518,167.8768678296782,128.6133784090847,-62.45710466031159,457.06198335665556,13.656255245612357,15.267455428007054,-29.32818881640184,0.08385675830002447
42,sili,predicted_overcast,drop_center,22242,185.09056465745573,131.92612764893087,-5.482932912873441,334.031184522609,-2.7094264242538486,0.16848590494868176,25.724201911910367,0.8170128585558852
42,zhujia,all,drop_center,50043,140.05387172243505,107.68889155010754,-45.40001266206727,341.48767106326227,8.821967044717127,11.840367825886602,-22.879564579240416,0.21833223427852047
42,zhujia,predicted_sunny,drop_center,24375,135.82520205820575,106.259165868945,-46.8546644532096,362.23731599123477,9.381296112867588,15.029482598102291,-41.02648784232348,0.0006564102564102564
42,zhujia,predicted_partly_cloudy,drop_center,13481,153.61231771450872,122.55481728972983,-76.0984660907534,385.120259770335,15.957286879622018,13.952925377241883,-30.490309169273033,0.07862918181143833
42,zhujia,predicted_overcast,drop_center,12187,132.45361919944762,94.10408959577005,-8.532613951866862,251.72123769332882,-0.8840781855041939,3.125010402191151,21.834614657313274,0.8082382866989415
43,sili,all,original,49806,165.25306797273186,117.1295969262414,-28.11573762990276,410.0640399069403,0.0,0.0,0.0,0.0
43,sili,predicted_sunny,original,3046,76.00338782364224,57.857039927756695,-35.62322949681407,468.296665447375,0.0,0.0,0.0,0.0
43,sili,predicted_partly_cloudy,original,24518,151.22016483793925,110.48201803093808,-31.325699495359505,488.19338852160763,0.0,0.0,0.0,0.0
43,sili,predicted_overcast,original,22242,187.49089746950796,132.57468046065517,-23.549166941840515,315.9649504936419,0.0,0.0,0.0,0.0
43,zhujia,all,original,50043,132.30510427671837,97.18250833879584,-30.806893895306573,356.080789830023,0.0,0.0,0.0,0.0
43,zhujia,predicted_sunny,original,24375,126.68589805079606,93.15978016459651,-14.076765437886202,395.01521500655826,0.0,0.0,0.0,0.0
43,zhujia,predicted_partly_cloudy,original,13481,139.46575376931736,109.73859045495045,-54.413136074961926,406.8055897861266,0.0,0.0,0.0,0.0
43,zhujia,predicted_overcast,original,12187,135.1396395297317,91.339023989754,-38.15580095411411,222.09805069108157,0.0,0.0,0.0,0.0
43,sili,all,zero_all,49806,168.0525885792455,123.67353001066822,-25.327762175686555,412.8520153611564,2.799520606513653,6.543933084426811,2.7879754542162005,0.4434204714291451
43,sili,predicted_sunny,zero_all,3046,109.42257669148307,95.56328394372727,-82.2693701195977,421.6505248245914,33.41918886784083,37.706244015970576,-46.646140622783626,0.019041365725541694
43,sili,predicted_partly_cloudy,zero_all,24518,157.1636087771841,118.37894533826397,-48.59066796501927,470.92842005194785,5.943443939244844,7.896927307325896,-17.264968469659767,0.1746471979769965
43,sili,predicted_overcast,zero_all,22242,185.40022300559693,133.35954909698734,8.113657747882042,347.62777518336446,-2.0906744639110286,0.7848686363321633,31.662824689722555,0.7978149446992177
43,zhujia,all,zero_all,50043,138.19625492987507,107.05158844981597,-46.19004489479549,340.6976388305341,5.8911506531567,9.869080111020125,-15.383150999488917,0.2807985132785804
43,zhujia,predicted_sunny,zero_all,24375,134.97169054312832,107.49368750928261,-49.1693276802098,359.9226527642346,8.285792492332263,14.333907344686097,-35.09256224232359,0.08188717948717948
43,zhujia,predicted_partly_cloudy,zero_all,13481,146.8618625550189,116.63995691948467,-70.3677426577978,390.85098320329064,7.396108785701529,6.90136646453422,-15.954606582835874,0.1939767079593502
43,zhujia,predicted_overcast,zero_all,12187,134.63835917874175,95.560904941643,-13.486380216243917,246.76747142895178,-0.5012803509899584,4.2218809518890055,24.669420737870194,0.7746779355050464
43,sili,all,sunny_median,49806,169.31944947721632,122.16981261282696,3.880906710432303,442.0606842472752,4.066381504484468,5.0402156865855545,31.996644340335063,0.7220214431996145
43,sili,predicted_sunny,sunny_median,3046,75.78775054159388,57.55498221381155,-35.10265122376588,468.8172437204232,-0.21563728204836252,-0.30205771394514613,0.5205782730481878,0.29875246224556795
43,sili,predicted_partly_cloudy,sunny_median,24518,151.52142293014444,109.68961025302893,-26.058029223472666,493.46105879349443,0.3012580922051882,-0.7924077779091476,5.2676702718868365,0.5837343992169018
43,sili,predicted_overcast,sunny_median,22242,195.2007130946435,144.77597999224108,42.22218666255216,381.73630409803457,7.709815625135548,12.201299531585903,65.77135360439269,0.9324251416239547
43,zhujia,all,sunny_median,50043,135.76853641997127,101.55272418361112,-18.34359340370015,368.54409032162937,3.463432143252902,4.370215844815277,12.463300491606423,0.5807005974861619
43,zhujia,predicted_sunny,sunny_median,24375,126.63811184413404,93.0176194782012,-13.743329707712743,395.34865073673177,-0.0477862066620105,-0.14216068639531443,0.33343573017345945,0.48020512820512823
43,zhujia,predicted_partly_cloudy,sunny_median,13481,145.39474578593834,114.0278309776809,-56.6763358477041,404.54239001338436,5.928992016620981,4.289240522730452,-2.2631997727421718,0.46383799421407906
43,zhujia,predicted_overcast,sunny_median,12187,142.23623692408881,104.8239363361927,14.858365511367086,275.1122171565628,7.096597394357104,13.484912346438705,53.014166465481196,0.9109707064905227
43,sili,all,drop_mean,49806,164.883601928477,118.19082165480376,-26.596854280163384,411.5829232566796,-0.36946604425486385,1.061224728562351,1.5188833497393672,0.437095932217002
43,sili,predicted_sunny,drop_mean,3046,85.07997738394086,69.22325833790372,-50.35262551605755,453.56726942813157,9.076589560298615,11.36621841014702,-14.729396019243486,0.02068286277084701
43,sili,predicted_partly_cloudy,drop_mean,24518,152.58328325531505,112.59951108418002,-36.2055930459359,483.3134949710313,1.3631184173758015,2.117493053241944,-4.879893550576396,0.1365935231258667
43,sili,predicted_overcast,drop_mean,22242,184.99452891336892,131.06030058807556,-12.751555465140278,326.7625619703421,-2.496368556139032,-1.5143798725796103,10.797611476700238,0.825375415879867
43,zhujia,all,drop_mean,50043,132.03477197443087,98.12152964381268,-33.62952651552839,353.2581572098012,-0.2703323022874997,0.939021305016837,-2.8226326202218224,0.36292788202146153
43,zhujia,predicted_sunny,drop_mean,24375,127.13904643298144,95.21202963321086,-22.706012740888102,386.3859677035564,0.45314838218538966,2.052249468614349,-8.629247303001899,0.15236923076923076
43,zhujia,predicted_partly_cloudy,drop_mean,13481,139.6762463307805,109.94041318721354,-55.92551190442698,405.2932139566615,0.210492561463127,0.20182273226308212,-1.5123758294650633,0.32779467398560935
43,zhujia,predicted_overcast,drop_mean,12187,132.94451525122076,90.86697099195679,-30.81410592220067,229.43974572299504,-2.1951242785109457,-0.47205299779720633,7.341695031913444,0.8229260687617953
43,sili,all,drop_std,49806,164.88572862917002,116.52948012165321,-28.33808715132125,409.8416903855217,-0.36733934356183795,-0.6001168045881968,-0.2223495214184924,0.45412199333413644
43,sili,predicted_sunny,drop_std,3046,77.02412637000945,59.49195781822369,-37.83875349691371,466.0811414472754,1.0207385463672125,1.634917890466994,-2.2155240000996494,0.13985554826001312
43,sili,predicted_partly_cloudy,drop_std,24518,150.86456880202823,109.84642518336163,-31.08199749537433,488.4370905215928,-0.3555960359110202,-0.6355928475764472,0.24370199998517492,0.45480871196671835
43,sili,predicted_overcast,drop_std,22242,187.02484790985895,131.70758613340033,-24.01229704682669,315.5018203886557,-0.46604955964900796,-0.867094327254847,-0.4631301049861713,0.49640320115097564
43,zhujia,all,drop_std,50043,132.87313691932883,97.20709997220104,-30.915637001430014,355.97204672389955,0.5680326426104614,0.024591633405194102,-0.10874310612344472,0.6161101452750635
43,zhujia,predicted_sunny,drop_std,24375,126.42689033704488,92.40772846958568,-12.088902189132337,397.0030782553121,-0.25900771375117415,-0.7520516950108345,1.9878632487538566,0.7665641025641026
43,zhujia,predicted_partly_cloudy,drop_std,13481,140.6908437304079,110.44861593080691,-56.20819476147194,405.0105310996165,1.2250899610905321,0.7100254758564546,-1.79505868651001,0.4758549069060159
43,zhujia,predicted_overcast,drop_std,12187,136.50168548119248,92.15875368010965,-40.59256240445213,219.66128924074354,1.3620459514607717,0.8197296903556577,-2.436761450338013,0.4703372446049069
43,sili,all,drop_p90,49806,163.78336414848962,115.68746454849966,-23.170545165783,415.0092323710599,-1.469703824242231,-1.4421323777417427,4.945192464119753,0.6517287073846525
43,sili,predicted_sunny,drop_p90,3046,78.62967041640884,61.365645191854675,-40.812343502803934,463.1075514413851,2.6262825927666,3.50860526409798,-5.189114005989868,0.17038739330269206
43,sili,predicted_partly_cloudy,drop_p90,24518,149.64158042081263,108.24198793659501,-26.48891087143619,493.03017714553096,-1.5785844171266206,-2.2400300943430693,4.836788623923312,0.5436006199526878
43,sili,predicted_overcast,drop_p90,22242,185.84367807675392,131.33409962317901,-17.096603609008856,322.41751382647357,-1.6472193927540388,-1.240580837476159,6.4525633328316605,0.8368402122111321
43,zhujia,all,drop_p90,50043,130.84217856645986,96.15596890727257,-29.945800535323645,356.9418831900059,-1.462925710258503,-1.0265394315232754,0.8610933599829218,0.5199728233719002
43,zhujia,predicted_sunny,drop_p90,24375,126.45217619556603,92.8587664827819,-17.980899235884884,391.11108120855954,-0.23372185523002997,-0.3010136818146094,-3.9041337979986817,0.30346666666666666
43,zhujia,predicted_partly_cloudy,drop_p90,13481,135.9104105503845,106.70794201322128,-49.89550842019934,411.3232174408891,-3.5553432189328475,-3.03064844172917,4.517627654762592,0.6221348564646539
43,zhujia,predicted_overcast,drop_p90,12187,133.7284570493723,91.07827625573115,-31.80864267677033,228.44520896842536,-1.4111824803594004,-0.2607477340228428,6.3471582773437865,0.8399934356281283
43,sili,all,drop_center,49806,165.87020811071685,120.04459251438071,-27.440474956074016,410.739302580769,0.6171401379849897,2.9149955881393055,0.6752626738287413,0.4052523792314179
43,sili,predicted_sunny,drop_center,3046,89.42610870395771,74.48793638365555,-57.06997702786891,446.84991791632024,13.422720880315467,16.630896455898856,-21.446747531054843,0.0
43,sili,predicted_partly_cloudy,drop_center,24518,154.99703117104016,115.72091881016141,-42.49677133405632,477.0223166829107,3.7768663331009122,5.238900779223329,-11.171071838696813,0.08308181744024798
43,sili,predicted_overcast,drop_center,22242,184.4761432648743,131.0496013469604,-6.785779429320248,332.7283380061622,-3.014754204633647,-1.5250791136947726,16.763387512520268,0.8158888589155652
43,zhujia,all,drop_center,50043,134.5894912232373,101.8886928279115,-39.92604520827059,346.96163851705893,2.2843869465189357,4.706184489115657,-9.11915131296402,0.2192514437583678
43,zhujia,predicted_sunny,drop_center,24375,129.84720417032852,100.04973916523514,-33.963139002863706,375.12884144158073,3.161306119532469,6.889959000638626,-19.886373564977504,0.0006974358974358975
43,zhujia,predicted_partly_cloudy,drop_center,13481,144.80852173842248,114.58529376119971,-64.81353012234003,396.40519573874843,5.342767969105125,4.846703306249253,-10.400394047378095,0.08397003189674357
43,zhujia,predicted_overcast,drop_center,12187,132.15206261946057,91.52204134240056,-24.32234082082681,235.93151082436887,-2.9875769102711445,0.1830173526465586,13.833460133287304,0.806022811192254
44,sili,all,original,49806,165.68787863685768,117.62402881154874,-30.331128592036016,407.8486489448069,0.0,0.0,0.0,0.0
44,sili,predicted_sunny,original,3046,77.89403596795104,59.77483838515327,-37.17473903372682,466.74515591046224,0.0,0.0,0.0,0.0
44,sili,predicted_partly_cloudy,original,24518,151.8290520199954,111.41421809154005,-31.121839844582443,488.39724817238476,0.0,0.0,0.0,0.0
44,sili,predicted_overcast,original,22242,187.70138271727586,132.39162045222736,-28.52228514741218,310.99183228807027,0.0,0.0,0.0,0.0
44,zhujia,all,original,50043,136.50002835073397,98.98194496669959,-32.750923607710824,354.13676011761873,0.0,0.0,0.0,0.0
44,zhujia,predicted_sunny,original,24375,129.8746273203215,94.08231857266578,-13.529554879671686,395.5624255647728,0.0,0.0,0.0,0.0
44,zhujia,predicted_partly_cloudy,original,13481,143.13330264997091,112.19314802353814,-55.369667075815435,405.84905878527303,0.0,0.0,0.0,0.0
44,zhujia,predicted_overcast,original,12187,141.8106009419766,94.16764817055072,-46.17486568143169,214.07898596376398,0.0,0.0,0.0,0.0
44,sili,all,zero_all,49806,165.37716579780175,118.05954884300975,-16.987192120299724,421.1925854165432,-0.31071283905592395,0.43552003146101015,13.343936471736283,0.562462353933261
44,sili,predicted_sunny,zero_all,3046,92.71821555541753,73.28429811727071,-48.25643150234231,455.6634634418468,14.824179587466489,13.509459732117442,-11.081692468615477,0.2603414313854235
44,sili,predicted_partly_cloudy,zero_all,24518,153.231707773248,110.80722163083247,-28.046973617188804,491.4721143997784,1.4026557532525885,-0.6069964607075775,3.0748662273936325,0.4074557467982707
44,sili,predicted_overcast,zero_all,22242,184.8875728812627,132.18588515713455,-0.5134116195161607,339.0007058159662,-2.8138098360131494,-0.20573529509280775,28.008873527896014,0.7747055120942361
44,zhujia,all,zero_all,50043,138.54709119530264,99.11055243473474,-27.234342036608158,359.65334168872135,2.0470628445686714,0.1286074680351561,5.516581571102679,0.47836860300141876
44,zhujia,predicted_sunny,zero_all,24375,134.7991251729488,93.83497087866581,-13.590058983518317,395.5019214609261,4.924497852627297,-0.24734769399996992,-0.06050410384661996,0.37985641025641026
44,zhujia,predicted_partly_cloudy,zero_all,13481,144.15125553960777,110.92120982242339,-53.719813627376645,407.4989122337118,1.0179528896368595,-1.2719382011147502,1.6498534484387823,0.40360507380758104
44,zhujia,predicted_overcast,zero_all,12187,139.61324989811087,96.59745062015772,-25.226362788549963,235.02748885664573,-2.197351043865723,2.4298024496069957,20.948502892881724,0.7581028965290884
44,sili,all,sunny_median,49806,169.13122112455557,122.92058034170748,-3.8649507130618193,434.3148268237811,3.4433424876978904,5.296551530158737,26.466177878974197,0.6432759105328675
44,sili,predicted_sunny,sunny_median,3046,77.79312932851632,59.57160573772219,-36.80663605722148,467.1132588869676,-0.10090663943472578,-0.20323264743107927,0.36810297650534013,0.37130663164806305
44,sili,predicted_partly_cloudy,sunny_median,24518,153.98908629337737,113.06361287520933,-34.29997030668216,485.21911771028493,2.1600342733819673,1.6493947836692797,-3.1781304620997326,0.4303776817032384
44,sili,predicted_overcast,sunny_median,22242,192.5810012864783,142.46172344877252,34.195753538115866,373.7098709735983,4.879618569202449,10.07010299654516,62.71803868552805,0.9152054671342505
44,zhujia,all,sunny_median,50043,138.26294229770176,102.6057455713076,-21.03025788278657,365.857425842543,1.7629139469677853,3.6238006046080073,11.72066572492426,0.6096956617309114
44,zhujia,predicted_sunny,sunny_median,24375,129.77362687903315,93.88247968099486,-13.113291328966051,395.97868911547846,-0.10100044128836316,-0.19983889167092173,0.41626355070564447,0.5505230769230769
44,zhujia,predicted_partly_cloudy,sunny_median,13481,149.7882454756544,117.0086509172263,-61.08116150298622,400.1375643581023,6.6549428256834915,4.815502893688162,-5.71149442717079,0.41977598101031083
44,zhujia,predicted_overcast,sunny_median,12187,141.40489493072306,104.12080580828496,7.438616487816198,267.6924681330119,-0.40570601125352823,9.953157637734236,53.613482169247895,0.938130795109543
44,sili,all,drop_mean,49806,163.38888819536837,113.07047333856322,-17.127164804315445,421.0526127325275,-2.298990441489309,-4.553555472985522,13.20396378772057,0.8124121591776091
44,sili,predicted_sunny,drop_mean,3046,72.69731343403453,51.233046045913774,-14.958061789223535,488.9618331549656,-5.196722533916514,-8.541792339239493,22.21667724450329,0.8476690741956664
44,sili,predicted_partly_cloudy,drop_mean,24518,148.57566876726517,104.26913241675537,-11.020593451975584,508.4984945649915,-3.253383252730231,-7.145085674784681,20.10124639260685,0.8234358430540827
44,sili,predicted_overcast,drop_mean,22242,186.33896732880152,131.240965212239,-24.15566962405461,315.35844781142777,-1.3624153884743464,-1.1506552399883674,4.366615523357563,0.7954320654617391
44,zhujia,all,drop_mean,50043,134.928607335478,93.81779869353575,-17.638428229100988,369.2492554962285,-1.5714210152559644,-5.164146273163837,15.112495378609843,0.7870831085266671
44,zhujia,predicted_sunny,drop_mean,24375,131.3178764011118,87.79280036166604,6.391533073228254,415.48351351767275,1.443249080790281,-6.289518210999745,19.921087952899953,0.7331282051282051
44,zhujia,predicted_partly_cloudy,drop_mean,13481,136.21246367344406,104.81596927861636,-39.256046520184746,421.9626793409037,-6.920838976526852,-7.377178744921778,16.113620555630682,0.8382167494992953
44,zhujia,predicted_overcast,drop_mean,12187,140.5113132121757,93.70234753097338,-41.78737338067031,218.46647826452536,-1.2992877298008807,-0.46530063957733603,4.387492300761372,0.8384343973086076
44,sili,all,drop_std,49806,165.68672361322152,117.35421327578302,-31.591725600971714,406.5880519358712,-0.001155023636158603,-0.2698155357657157,-1.2605970089356975,0.452314982130667
44,sili,predicted_sunny,drop_std,3046,78.41652689980945,60.62955073692897,-38.37269074794877,465.5472041962403,0.5224909318584139,0.8547123517757029,-1.197951714221945,0.3703217334208798
44,sili,predicted_partly_cloudy,drop_std,24518,152.14318087207627,111.44467665732104,-32.659302955769746,486.85978506119744,0.31412885208087005,0.03045856578098949,-1.5374631111873103,0.4278897136797455
44,sili,predicted_overcast,drop_std,22242,187.38865989449857,131.6368021124344,-29.486263797958028,310.0278536375244,-0.3127228227772889,-0.754818339792962,-0.9639786505458513,0.49046848305008545
44,zhujia,all,drop_std,50043,137.3333634362026,99.38944535657487,-33.71938390473886,353.16829982059073,0.833335085468633,0.40750038987528114,-0.9684602970280318,0.5527646224247147
44,zhujia,predicted_sunny,drop_std,24375,129.2650469652999,93.58749605685765,-12.789410227956257,396.3025702164882,-0.6095803550216203,-0.4948225158081385,0.7401446517154364,0.6441025641025641
44,zhujia,predicted_partly_cloudy,drop_std,13481,145.29908998444813,113.41179434680197,-57.847200362406696,403.3715254986817,2.1657873344772156,1.218646323263826,-2.477533286591271,0.4616126400118686
44,zhujia,predicted_overcast,drop_std,12187,143.7783335250785,95.4825960452888,-48.891371654452165,211.36247999074354,1.9677325831019061,1.3149478747380812,-2.716505973020484,0.4709116271436777
44,sili,all,drop_p90,49806,164.5018006559618,116.19265173034671,-25.850914487148383,412.3288630496945,-1.186077980895874,-1.4313770812020294,4.480214104887621,0.6800586274746014
44,sili,predicted_sunny,drop_p90,3046,80.54111673324125,61.650175182727644,-38.68313792629115,465.236757017898,2.6470807652902124,1.875336797574377,-1.508398892564328,0.3036769533814839
44,sili,predicted_partly_cloudy,drop_p90,24518,150.46735175175894,109.18941884717496,-25.80237063307586,493.7167173838912,-1.3617002682364614,-2.2247992443650872,5.319469211506576,0.5888326943470104
44,sili,predicted_overcast,drop_p90,22242,186.41664125638826,131.38200733657152,-24.147076955385128,315.3670404800973,-1.2847414608876022,-1.0096131156558386,4.375208192027048,0.8321643737074004
44,zhujia,all,drop_p90,50043,135.66982505349714,97.24476831981148,-29.305690262165736,357.58199346316377,-0.8302032972368352,-1.737176646888102,3.4452333455450947,0.5797214395619767
44,zhujia,predicted_sunny,drop_p90,24375,130.4451829285462,92.35544638492104,-11.395887093695773,397.6960933507487,0.5705556082246801,-1.7268721877447462,2.1336677859759132,0.40914871794871793
44,zhujia,predicted_partly_cloudy,drop_p90,13481,140.399262747478,109.35591004499814,-50.104667259693414,411.114058601395,-2.734039902492924,-2.837237978540003,5.264999816122012,0.6619686966842222
44,zhujia,predicted_overcast,drop_p90,12187,140.50922718073113,93.62672619014165,-42.119380532764296,218.1344711124314,-1.3013737612454577,-0.5409219804090668,4.055485148667388,0.8299007138754411
44,sili,all,drop_center,49806,167.25045118354313,121.96791848702563,-30.07315151496152,408.1066260218814,1.562572546685459,4.343889675476888,0.2579770770744933,0.4056740151788941
44,sili,predicted_sunny,drop_center,3046,96.20627584569394,80.77016124117033,-63.740554196900725,440.1793407472884,18.312239877742897,20.99532285601706,-26.565815163173895,0.0
44,sili,predicted_partly_cloudy,drop_center,24518,157.6431748065657,118.88328625290903,-46.87994495042617,472.6391430665409,5.8141227865702945,7.46906816136898,-15.758105105843736,0.08344889468961579
44,sili,predicted_overcast,drop_center,22242,184.3277701865592,131.01015307415568,-6.935849562803029,332.5782678726794,-3.373612530716656,-1.381467378071676,21.58643558460915,0.8164283787429188
44,zhujia,all,drop_center,50043,139.0905417560138,104.29462095609667,-42.47446513418494,344.4132185911446,2.590513405279836,5.3126759893970785,-9.72354152647411,0.21779269827947964
44,zhujia,predicted_sunny,drop_center,24375,133.41761125222152,101.74698985497554,-34.344188484578474,374.747791959866,3.542983931900011,7.6646712823097545,-20.814633604906785,0.0006564102564102564
44,zhujia,predicted_partly_cloudy,drop_center,13481,150.07141082202327,118.33386658419631,-67.95085249257993,393.2678733685085,6.9381081720523525,6.140718560658172,-12.581185416764496,0.07751650471033306
44,zhujia,predicted_overcast,drop_center,12187,137.57089745716507,93.8601775145127,-30.554248128821435,229.69960351637425,-4.239703484811514,-0.3074706560380207,15.62061755261025,0.8072536309181915
